user_id,pred,artist,title
16509,2.054616,Apink,Secret Garden
16509,2.0092,Jannabi,Goodnight
16509,1.9660138,BEAST,I'm Sorry
16509,1.9267706,SHINee,3 2 1
16509,1.7742676,INFINITE,Follow Me
16509,1.7586691,K.Will,눈물이 뚝뚝 (Dropping the Tears)
16509,1.7487105,Park Hyo Shin,It`s You
16509,1.716185,SHINee,One
16509,1.711172,SHINee,WOWOWOW
16509,1.700172,DICKPUNKS,Don't Wanna Lose Now
16510,2.2008,Jannabi,Goodnight
16510,2.0702932,SHINee,One
16510,2.049459,IU,미운 오리
16510,2.0248291,Groove Edition,Love Is All the Same (사랑은 다 그런거래요) [Originally Performed By Yangpa| Davichi & Hanna]
16510,2.0002658,SHINee,WOWOWOW
16510,1.9573401,Various Artists,The room of secret
16510,1.9379839,f(x),All Mine
16510,1.9114133,Various Artists,1-01 재회의 테마 Reunion Theme
16510,1.8664863,SHINee,Love Like Oxygen
16510,1.8649905,Jang Na Ra (장나라),오월의 눈사람
16511,2.3693256,SHINee,3 2 1
16511,2.3129325,Jannabi,Goodnight
16511,2.3060517,SHINee,WOWOWOW
16511,2.2809994,SHINee,One
16511,2.2562385,AMBER,Borders
16511,2.2483768,Apink,Secret Garden
16511,2.2048473,BEAST,I'm Sorry
16511,2.1081905,Kim Jang Hoon,The Mother Knows My Heart?
16511,2.104369,BTOB-BLUE,Stand By Me
16511,2.102754,f(x),All Mine
16512,1.900783,Apink,Secret Garden
16512,1.863006,SHINee,3 2 1
16512,1.8323035,BEAST,I'm Sorry
16512,1.7879534,SHINee,WOWOWOW
16512,1.773812,SHINee,One
16512,1.7615372,f(x),All Mine
16512,1.7552639,Marriage over Love OST,Love Knots
16512,1.6655155,Jannabi,Goodnight
16512,1.6622753,SUPER JUNIOR,Shirt_Rearranged
16512,1.6255982,AMBER,Borders
16513,1.469479,Baek Z Young,두근두근 (Original Ver)
16513,1.4629463,Alex&Park Sae Yeong(알렉스 & 박세영),blue road(블루로드)
16513,1.4517484,Hello Ga-Young,Those Moments
16513,1.4393804,G.NA,Don't Cry
16513,1.4375329,Various Artists,Two of Us
16513,1.4292802,BTOB,Anymore
16513,1.4168721,Various Artists,Go
16513,1.4141945,i11evn,Pray For Korea
16513,1.4072453,Red Velvet,Automatic
16513,1.4069328,Ailee,그대도 같은가요
16514,1.9900584,Lee Ji Su 이지수,it's you 너야
16514,1.8224705,Park Hyo Shin,It`s You
16514,1.7297451,Apink,Secret Garden
16514,1.5679423,Flower,Even though I know love...
16514,1.5092032,DICKPUNKS,Don't Wanna Lose Now
16514,1.4860216,INFINITE,Follow Me
16514,1.4463748,Various Artists,It`s Over
16514,1.3756256,Reply 1994 (Original Soundtrack),Farewell for Myself
16514,1.3755699,4MINUTE,Femme Fatale
16514,1.3305362,Infinite H,Fly Again
16515,1.4933059,Toheart (WOOHYUN & KEY),Tell Me Why
16515,1.4783705,hyukoh,Hooka
16515,1.4729716,Rainbow Kids(레인보우 Kids),musician in a forest(숲속의 음악가)
16515,1.4638126,Various Artists,Hide And Seek
16515,1.460644,블루베어스|택연 (2PM),오늘 같은 밤
16515,1.4585521,Ants,Pretty
16515,1.4072615,J-Min,Song On My Guitar
16515,1.36018,BTOB,Second Confession
16515,1.3508234,INFINITE,Because
16515,1.3487493,Various Artists,Love Sick
16516,1.9765586,Reply 1994 (Original Soundtrack),Farewell for Myself
16516,1.8799094,YUN Jihun(To Romance) 윤지훈 (투로맨스),only you 너밖에 몰라
16516,1.8768817,Jina U,First Love
16516,1.8757913,Park Hyo Shin,It`s You
16516,1.8457515,N (VIXX)| YEOEUN (MelodyDay),Without You
16516,1.837158,Jihun 지훈,thinking of you 너만 생각나
16516,1.8069165,4MINUTE,Femme Fatale
16516,1.744773,CHOI Junyoung 최준영,cold heart 얼음심장
16516,1.7356602,The Film,She
16516,1.7171607,GLABINGO,Memories Latte
16517,1.566223,Thunder,Good
16517,1.5236576,Park Hyo Shin,It`s You
16517,1.4757211,Lee Ji Su 이지수,it's you 너야
16517,1.4270197,MBLAQ,유령 (같이 사랑했잖아)
16517,1.373185,INFINITE,Follow Me
16517,1.3203233,Flower,Even though I know love...
16517,1.2615026,요조 With 소규모 아카시아 밴드,바나나파티
16517,1.2277156,TVXQ!,HUMANOIDS
16517,1.2178814,DICKPUNKS,Don't Wanna Lose Now
16517,1.2064317,Kim Greem,It might be you
16518,2.1781468,SHINee,WOWOWOW
16518,2.1479874,SHINee,3 2 1
16518,2.1283278,SHINee,One
16518,2.0109715,Jannabi,Goodnight
16518,2.0080693,AMBER,Borders
16518,1.9240649,Hyungdon & Daejune,안좋을때 들으면 더 안좋은 노래
16518,1.9214867,Kim Greem,It might be you
16518,1.889069,Groove Edition,Love Is All the Same (사랑은 다 그런거래요) [Originally Performed By Yangpa| Davichi & Hanna]
16518,1.8591695,INFINITE,Follow Me
16518,1.8519775,SUPER JUNIOR,A-Oh!
16519,1.4058065,BEAST,Let It Snow
16519,1.3726273,INFINITE,Be Mine
16519,1.3382214,Kim Na Young,어땠을까
16519,1.3378782,Kiha & The Faces,그러게 왜 그랬어
16519,1.336308,Various Artists,한 사람을 위한 마음
16519,1.2901717,IU,마쉬멜로우
16519,1.2771646,M.C the Max,No Metter Where
16519,1.2753848,D'avant,Wanna Buy Love (여자친구 사주세요) (사랑을 살 수 있다면)
16519,1.2657207,김남주 (에이핑크)| 육성재 (비투비),사진
16519,1.2513738,Unpretty Rapstar Complation Album 2,Me| Myself & I
16520,2.0291939,BEAST,I'm Sorry
16520,1.9543736,Marriage over Love OST,Love Knots
16520,1.7845192,SHINee,One
16520,1.7697647,SHINee,WOWOWOW
16520,1.7687684,SHINee,3 2 1
16520,1.6493664,Groove Edition,Love Is All the Same (사랑은 다 그런거래요) [Originally Performed By Yangpa| Davichi & Hanna]
16520,1.6304435,K.Will,눈물이 뚝뚝 (Dropping the Tears)
16520,1.6163445,AMBER,Borders
16520,1.554488,SHINee,Love Like Oxygen
16520,1.5093877,Apink,Secret Garden
16521,1.9032127,Lee Ji Su 이지수,it's you 너야
16521,1.8297586,Park Hyo Shin,It`s You
16521,1.6389459,Flower,Even though I know love...
16521,1.5969791,Thunder,Good
16521,1.3418689,INFINITE,Follow Me
16521,1.3239374,Master's Sun OST,Mystery
16521,1.3052727,DICKPUNKS,Don't Wanna Lose Now
16521,1.2725724,Reply 1994 (Original Soundtrack),Farewell for Myself
16521,1.2640032,The Film,She
16521,1.2357668,SHINee,Your Number
16522,2.0643516,Apink,Secret Garden
16522,2.0635219,f(x),All Mine
16522,2.0531747,SHINee,3 2 1
16522,2.037893,BEAST,I'm Sorry
16522,2.0074992,SHINee,WOWOWOW
16522,1.9884244,Marriage over Love OST,Love Knots
16522,1.9595649,SHINee,One
16522,1.8787016,AMBER,Borders
16522,1.8599259,BTOB-BLUE,Stand By Me
16522,1.8263831,Jannabi,Goodnight
16523,1.8236991,Flower,Even though I know love...
16523,1.7507212,Park Hyo Shin,It`s You
16523,1.6885027,INFINITE,Follow Me
16523,1.5494761,Master's Sun OST,Mystery
16523,1.5219579,Jannabi,Goodnight
16523,1.5210036,DICKPUNKS,Don't Wanna Lose Now
16523,1.4827133,4MINUTE,Femme Fatale
16523,1.4459409,N (VIXX)| YEOEUN (MelodyDay),Without You
16523,1.4227604,Reply 1994 (Original Soundtrack),Farewell for Myself
16523,1.4190987,Ailee,My Shy Love
16524,1.6909126,Lee Ji Su 이지수,it's you 너야
16524,1.2230093,SHINee,3 2 1
16524,1.2195932,Jannabi,Goodnight
16524,1.1981051,INFINITE,Follow Me
16524,1.1976926,Ahn Hyeon Jeong,You and Me
16524,1.1954345,BTOB-BLUE,Stand By Me
16524,1.1730224,VIXX,Love Me Do
16524,1.1381433,B1A4,몇 번을
16524,1.1258264,SHINee,Hold You
16524,1.1253455,The Electriceels,Freddy (프레디)
16525,2.2580156,SHINee,3 2 1
16525,2.2268708,BEAST,I'm Sorry
16525,2.179165,Marriage over Love OST,Love Knots
16525,2.1711729,SHINee,One
16525,2.160562,f(x),All Mine
16525,2.151551,SHINee,WOWOWOW
16525,2.1278384,Apink,Secret Garden
16525,2.06256,Jannabi,Goodnight
16525,1.969492,AMBER,Borders
16525,1.9511741,Various Artists,The room of secret
16526,1.2061458,Lee Ji Su 이지수,it's you 너야
16526,1.1485038,NO.MERCY,Interstellar
16526,1.1471344,Tako & Jhyung,what should i do (with jihyeon) 어떡하죠 (with 지현)
16526,1.1415745,IU,싫은 날
16526,1.1316831,Baek Z Young,Love and Love
16526,1.1114233,KYUHYUN,Eternal Sunshine
16526,1.105546,블루베어스|택연 (2PM),오늘 같은 밤
16526,1.1007568,GB9,DalAh
16526,1.0982445,Yoon Do Hyun,I Guess I Loved You
16526,1.0979776,Dickpunks & Jeon Jiyoon,Soul Mate
16527,2.3524754,Apink,Secret Garden
16527,2.110901,Marriage over Love OST,Love Knots
16527,2.0773714,TVXQ!,HUMANOIDS
16527,2.067834,Jannabi,Goodnight
16527,2.0085745,Groove Edition,Love Is All the Same (사랑은 다 그런거래요) [Originally Performed By Yangpa| Davichi & Hanna]
16527,1.9734015,SHINee,3 2 1
16527,1.9588177,MBLAQ,유령 (같이 사랑했잖아)
16527,1.9537106,Various Artists,Why do you see me?
16527,1.93563,Kim Jang Hoon,The Mother Knows My Heart?
16527,1.8965589,Various Artists,1-03 명우의 수난 The Passion of Myungwoo
16528,2.059731,Jannabi,Goodnight
16528,2.0333529,Demion,Street of Dawn
16528,1.9533023,BTOB-BLUE,Stand By Me
16528,1.9205577,Red Velvet,Light Me Up
16528,1.9176996,god,길 Road
16528,1.9092288,Various Artists,The time we were in love (inst)
16528,1.8352273,IU,미운 오리
16528,1.8076706,Jay Park,When (feat. 타블로 Tablo)
16528,1.7473776,SHINee,One
16528,1.7473716,박재민,하루
16529,2.3956585,Kim Greem,It might be you
16529,2.3202858,Park Hyo Shin,It`s You
16529,2.1006296,Flower,Even though I know love...
16529,2.0808334,Kim Jang Hoon,The Mother Knows My Heart?
16529,1.9973283,INFINITE,Follow Me
16529,1.9116753,4MINUTE,Femme Fatale
16529,1.9006983,N (VIXX)| YEOEUN (MelodyDay),Without You
16529,1.8677015,Jannabi,Goodnight
16529,1.8538179,Apink,Secret Garden
16529,1.8461452,Hyungdon & Daejune,안좋을때 들으면 더 안좋은 노래
16530,1.7961692,4MINUTE,Femme Fatale
16530,1.734168,N (VIXX)| YEOEUN (MelodyDay),Without You
16530,1.6416187,Reply 1994 (Original Soundtrack),Farewell for Myself
16530,1.4943056,YUN Jihun(To Romance) 윤지훈 (투로맨스),only you 너밖에 몰라
16530,1.4796027,Jina U,First Love
16530,1.4604298,Jihun 지훈,thinking of you 너만 생각나
16530,1.4219055,CHOI Junyoung 최준영,cold heart 얼음심장
16530,1.3530229,The Film,She
16530,1.3443731,GAIN,Fxxk U (feat.범키)
16530,1.2949977,Boys Republic,Get Down
16531,1.7649548,The Quiett,진흙 속에서 피는 꽃 Flower from the Mud (feat. Kebee & MC Meta)
16531,1.7207487,CRAYON POP,1| 2| 3| 4
16531,1.6389809,BTOB,Anymore
16531,1.6386807,LYn,이별주
16531,1.5903852,SMTOWN,Last Christmas (SHINee)
16531,1.5686929,EXO,Baby
16531,1.5625787,BANGTAN BOYS,Autumn Leaves
16531,1.5579513,Gavy NJ,Love Novel
16531,1.5000328,BEAST,Dance With U
16531,1.4996244,RYEOWOOK,Hello
16532,2.094171,Park Hyo Shin,It`s You
16532,1.9246325,The Film,She
16532,1.8920219,Lee Ji Su 이지수,it's you 너야
16532,1.8912218,Flower,Even though I know love...
16532,1.8231142,SUPER JUNIOR,SUPERMAN_Rearranged
16532,1.7649243,Reply 1994 (Original Soundtrack),Farewell for Myself
16532,1.7610939,4MINUTE,Femme Fatale
16532,1.7443007,Master's Sun OST,Mystery
16532,1.7219454,JAMBINAI,Connection
16532,1.6639253,N (VIXX)| YEOEUN (MelodyDay),Without You
16533,2.3041787,Lee Ji Su 이지수,it's you 너야
16533,2.2375927,Park Hyo Shin,It`s You
16533,2.1025705,Kim Greem,It might be you
16533,2.0676787,Flower,Even though I know love...
16533,1.9581134,INFINITE,Follow Me
16533,1.9268054,SHINee,3 2 1
16533,1.8802023,DICKPUNKS,Don't Wanna Lose Now
16533,1.8638414,Jannabi,Goodnight
16533,1.8391521,Apink,Secret Garden
16533,1.7710955,4MINUTE,Femme Fatale
16534,1.8024654,Park Hyo Shin,It`s You
16534,1.6708648,Flower,Even though I know love...
16534,1.5010858,TVXQ!,HUMANOIDS
16534,1.4682286,Reply 1994 (Original Soundtrack),Farewell for Myself
16534,1.4487952,4MINUTE,Femme Fatale
16534,1.4337912,Marriage over Love OST,Love Knots
16534,1.4257385,BEAST,I'm Sorry
16534,1.4164898,Kim Greem,It might be you
16534,1.3999013,The Film,She
16534,1.3718687,The Quiett,진흙 속에서 피는 꽃 Flower from the Mud (feat. Kebee & MC Meta)
16535,2.2165473,Lee Ji Su 이지수,it's you 너야
16535,1.9124403,Park Hyo Shin,It`s You
16535,1.7907364,BrotherFriendBrother,Soboru bread (소보루빵)
16535,1.5337893,Kim Greem,It might be you
16535,1.4987607,ZICO,Predator
16535,1.4844414,Flower,Even though I know love...
16535,1.3994118,Reply 1994 (Original Soundtrack),Farewell for Myself
16535,1.3764058,Cosmic Girls / WJSN,Catch Me
16535,1.3659817,Modern Darakbang,All I Want Is 바라만봐도
16535,1.3654643,SUPER JUNIOR,SUPERMAN_Rearranged
16536,2.2284808,SHINee,3 2 1
16536,2.1904175,SHINee,WOWOWOW
16536,2.1515682,BEAST,I'm Sorry
16536,2.1215136,SHINee,One
16536,2.1103315,Hyungdon & Daejune,안좋을때 들으면 더 안좋은 노래
16536,2.0604753,Jannabi,Goodnight
16536,2.0154805,AMBER,Borders
16536,1.9164547,BTOB-BLUE,Stand By Me
16536,1.9155126,Marriage over Love OST,Love Knots
16536,1.8740269,Apink,Secret Garden
16537,1.9431694,Park Hyo Shin,It`s You
16537,1.8995728,SUPER JUNIOR,SUPERMAN_Rearranged
16537,1.8671927,Flower,Even though I know love...
16537,1.6315576,Master's Sun OST,Mystery
16537,1.6131498,Kim Greem,It might be you
16537,1.5309986,G.NA,Hate You
16537,1.5087819,4Men,Once While Living
16537,1.4905174,요조 With 소규모 아카시아 밴드,바나나파티
16537,1.474094,Spring Breeze Boy 봄바람 소년,only one only one
16537,1.4180596,SHINee,Runaway
16538,1.5546609,Park Hyo Shin,It`s You
16538,1.2347039,Reply 1994 (Original Soundtrack),Farewell for Myself
16538,1.1883171,Solvang,Cheonggyecheon We Used To Walk Together
16538,1.1700944,Flower,Even though I know love...
16538,1.1425905,BANGTAN BOYS,We On
16538,1.1267517,BrotherFriendBrother,Soboru bread (소보루빵)
16538,1.1262434,TIM,Liquid
16538,1.1231179,Jannabi,Goodnight
16538,1.1230578,Jay Park,Feature (feat. Cha Cha Malone)
16538,1.1218684,BTOB,The Winter's Tale
16539,2.3095806,Park Hyo Shin,It`s You
16539,2.1377847,Flower,Even though I know love...
16539,2.128425,SUPER JUNIOR,SUPERMAN_Rearranged
16539,2.007354,Kim Greem,It might be you
16539,1.8900259,Spring Breeze Boy 봄바람 소년,only one only one
16539,1.8325484,Master's Sun OST,Mystery
16539,1.8227726,The Quiett,진흙 속에서 피는 꽃 Flower from the Mud (feat. Kebee & MC Meta)
16539,1.7452208,NS Yoon-G,What Do You Know
16539,1.6971502,Jihun 지훈,thinking of you 너만 생각나
16539,1.6787529,Jina U,First Love
16540,2.137389,Park Hyo Shin,It`s You
16540,1.8530189,Reply 1994 (Original Soundtrack),Farewell for Myself
16540,1.797936,4Men,Once While Living
16540,1.612363,Kim Greem,It might be you
16540,1.5220964,SUPER JUNIOR,SUPERMAN_Rearranged
16540,1.447336,nafla,Wu
16540,1.4009128,N (VIXX)| YEOEUN (MelodyDay),Without You
16540,1.3917209,Swings,이겨낼거야 2 (feat.GRAY)
16540,1.3772676,Jihun 지훈,thinking of you 너만 생각나
16540,1.3673778,JAMBINAI,Connection
16541,1.3529676,Ailee,bye now(이제는 안녕)
16541,1.3236759,BANGTAN BOYS,Intro: Never Mind
16541,1.2724253,BANGTAN BOYS,Autumn Leaves
16541,1.2399154,Reply 1994 (Original Soundtrack),Farewell for Myself
16541,1.2183336,Ahn Hyeon Jeong,You and Me
16541,1.1857632,TVXQ!,HUMANOIDS
16541,1.1826189,Apink,I don't Know
16541,1.1746433,Yeoeun,My Love
16541,1.1585361,Shin Yong Jae,평범한 사랑
16541,1.153344,SHINee,Evil
16542,1.9446989,Park Hyo Shin,It`s You
16542,1.8723707,Flower,Even though I know love...
16542,1.4439747,VIXX,Love Me Do
16542,1.4395554,Reply 1994 (Original Soundtrack),Farewell for Myself
16542,1.3178884,BrotherFriendBrother,Soboru bread (소보루빵)
16542,1.3038131,4MINUTE,Femme Fatale
16542,1.2734782,INFINITE,Fixed Star
16542,1.2470322,Shin Yong Jae,평범한 사랑
16542,1.1918557,TVXQ!,HUMANOIDS
16542,1.1639469,Discovery Of Romance,Goodbye – star love fish with Jane
16543,1.7582068,Jannabi,Goodnight
16543,1.6935979,MBLAQ,유령 (같이 사랑했잖아)
16543,1.6436601,Kim Greem,It might be you
16543,1.5648807,Park Hyo Shin,It`s You
16543,1.5048511,N (VIXX)| YEOEUN (MelodyDay),Without You
16543,1.4743881,Jang Na Ra (장나라),오월의 눈사람
16543,1.4482093,INFINITE,Follow Me
16543,1.374716,Kim Jang Hoon,The Mother Knows My Heart?
16543,1.2471533,Flower,Even though I know love...
16543,1.2256675,IU,미운 오리
16544,1.8161302,Park Hyo Shin,It`s You
16544,1.7924256,INFINITE,Follow Me
16544,1.7858182,Lee Ji Su 이지수,it's you 너야
16544,1.639633,VAV,Under The Moonlight (달빛 아래서)
16544,1.5798756,Flower,Even though I know love...
16544,1.57242,DICKPUNKS,Don't Wanna Lose Now
16544,1.5320883,N (VIXX)| YEOEUN (MelodyDay),Without You
16544,1.4877917,Electroboyz,love (feat. seung hui from brave new girl group)(love (feat. 승희 from brave new girl group))
16544,1.4681822,4MINUTE,Femme Fatale
16544,1.3878496,Kim Jang Hoon,The Mother Knows My Heart?
16545,1.9181273,JAMBINAI,Connection
16545,1.9163445,Park Hyo Shin,It`s You
16545,1.88599,INFINITE,Follow Me
16545,1.7685078,MBLAQ,유령 (같이 사랑했잖아)
16545,1.7449284,Kim Greem,It might be you
16545,1.7311376,박재민,하루
16545,1.6376028,Ailee,My Shy Love
16545,1.5998949,DICKPUNKS,Don't Wanna Lose Now
16545,1.5959994,Jannabi,Goodnight
16545,1.5945741,Jay Park,When (feat. 타블로 Tablo)
16546,2.3306491,SHINee,WOWOWOW
16546,2.3203247,Jannabi,Goodnight
16546,2.2717733,AMBER,Borders
16546,2.2599914,Apink,Secret Garden
16546,2.250999,SHINee,3 2 1
16546,2.2354875,SHINee,One
16546,2.1923327,BTOB-BLUE,Stand By Me
16546,2.1020207,god,길 Road
16546,2.098385,f(x),All Mine
16546,2.0673213,Various Artists,The time we were in love (inst)
16547,2.271398,Demion,Street of Dawn
16547,2.2542672,Red Velvet,Light Me Up
16547,2.1889691,Jannabi,Goodnight
16547,1.9874,IU,미운 오리
16547,1.9457631,Various Artists,Good Bye
16547,1.9219819,Kim Jang Hoon,The Mother Knows My Heart?
16547,1.8977365,Teen Top,향수 뿌리지마
16547,1.8735136,VAV,Under The Moonlight (달빛 아래서)
16547,1.8598685,god,길 Road
16547,1.8536028,MFBTY (윤미래| 타이거JK| Bizzy),Hello Happy (feat.유희열)
16548,1.9285645,Ants,Pretty
16548,1.6681445,BTOB,Second Confession
16548,1.4535786,HENRY (Super Junior-M),I Would
16548,1.4382846,INFINITE,Entrust
16548,1.4338913,BIGBANG,SOBER
16548,1.3893195,EXO,BEAUTIFUL
16548,1.3824843,Urban Zakapa,Rainbow Ride (Prelude)
16548,1.3735795,B1A4,짝사랑(산들 SOLO)
16548,1.3651388,GOGOBOYS,즐겁고 즐거워 Joyful Boy
16548,1.3623205,Allegrow,우리가 스쳐온 서울 밤하늘엔 (Inst.)
16549,1.4041034,Clazziquai Project,Android
16549,1.3968734,Han Hee Jung,러브레터
16549,1.372504,NU'EST,나의 천국
16549,1.3536744,J-Min,Beautiful Days
16549,1.329552,AMBER,Need to Feel Needed
16549,1.3258376,G.NA,Hate You
16549,1.321995,Various Artists,Stupid Stupid
16549,1.3091576,Shayne,Be My Love
16549,1.3072059,MBLAQ,Again
16549,1.2972672,Various Artists,A Love Begins from Confession
16550,1.4891973,4MINUTE,Femme Fatale
16550,1.362464,DICKPUNKS,Don't Wanna Lose Now
16550,1.3549322,J-Min X Sim| Eun Jee,Way Back Home
16550,1.3457847,INFINITE,Inconvenient Truth
16550,1.3351029,Urban Zakapa,Rainbow Ride (Prelude)
16550,1.3271508,MINX,Shut Up
16550,1.3065622,David Oh,Speech Bubble
16550,1.2908874,Baek Z Young,아이캔't 드링크
16550,1.2892826,Electroboyz,love (feat. seung hui from brave new girl group)(love (feat. 승희 from brave new girl group))
16550,1.2854184,MAG,REMAIN
16551,2.7727113,Apink,Secret Garden
16551,2.3599248,Kim Greem,It might be you
16551,2.2992291,INFINITE,Follow Me
16551,2.2986276,Jannabi,Goodnight
16551,2.2455366,Park Hyo Shin,It`s You
16551,2.0792315,DICKPUNKS,Don't Wanna Lose Now
16551,2.0015233,Lee Ji Su 이지수,it's you 너야
16551,1.9556347,god,길 Road
16551,1.95274,Red Velvet,Light Me Up
16551,1.9422185,SHINee,One
16552,1.4037591,Urban Zakapa,Rainbow Ride (Prelude)
16552,1.3674288,Lim Chang Jung,그렇게 당해놓고 (feat.마부스 OF 일렉트로보이즈)
16552,1.3223857,Park Hyo Shin,It`s You
16552,1.3143746,Flower,Even though I know love...
16552,1.2832189,I.O.I,More More
16552,1.2795403,SUPER JUNIOR,SUPERMAN_Rearranged
16552,1.2461444,Ailee,얼음꽃
16552,1.2444662,RETA,Listen Now
16552,1.2433716,Kim Bo Kyung,Don't Think You're Alone
16552,1.2301781,SISTAR,Say I Love You
16553,2.202727,Park Hyo Shin,It`s You
16553,2.0379179,Flower,Even though I know love...
16553,1.9635214,INFINITE,Follow Me
16553,1.9555831,Apink,Secret Garden
16553,1.8557942,Kim Greem,It might be you
16553,1.8369943,Jannabi,Goodnight
16553,1.808074,SUPER JUNIOR,SUPERMAN_Rearranged
16553,1.795553,Reply 1994 (Original Soundtrack),Farewell for Myself
16553,1.7501314,JAMBINAI,Connection
16553,1.747509,BTOB-BLUE,Stand By Me
16554,1.3174636,Alex&Park Sae Yeong(알렉스 & 박세영),blue road(블루로드)
16554,1.2999308,Sing Again| Hera Gu OST,Aloha
16554,1.2995311,HyunA,Attention
16554,1.2957954,INFINITE,Alone
16554,1.2946749,B-Free,fly (feat. loco & s'way.d)
16554,1.291475,SUPER JUNIOR,Sexy| Free & Single
16554,1.2896436,Bizniz,Dead Great Names Society (feat. Basick & Microdot)
16554,1.2838213,AZIATIX,COLD
16554,1.2834213,Sing Again| Hera Gu OST,Road#Lie
16554,1.2743671,B1A4,몇 번을
16555,1.1931502,SEVENTEEN,BEAUTIFUL
16555,1.1537629,Lee Hong Gi (FTISLAND),뜨거운 안녕
16555,1.1353705,SISTAR,My sad lullaby
16555,1.1205165,Various Artists,A Love Begins from Confession
16555,1.1101918,블루베어스|택연 (2PM),오늘 같은 밤
16555,1.1076598,Various Artists,my walk to work
16555,1.1015824,Ants,Pretty
16555,1.0986705,Yoon Do Hyun,I Guess I Loved You
16555,1.0975249,Various Artists,Jordan Fantasy
16555,1.0973717,ESBEE,Everyday's A Weekend
16556,1.4294064,RAIN (정지훈),30 SEXY (East4a deeptech mix)
16556,1.3541098,SISTAR,Say I Love You
16556,1.3275619,Reply 1994 (Original Soundtrack),Farewell for Myself
16556,1.2111735,Secret,Madonna
16556,1.2035093,CROWN J,The Best
16556,1.186131,Flower,Live properly
16556,1.1861207,K.Will,이러지마 제발 (Please don’t…)
16556,1.1839101,Master's Sun OST,Last One Feat. Joosu
16556,1.1774517,BEAST,With Me
16556,1.1758189,Various Artists,Let's Cheer Up!
16557,1.9640602,Park Hyo Shin,It`s You
16557,1.8941686,N (VIXX)| YEOEUN (MelodyDay),Without You
16557,1.8797823,Reply 1994 (Original Soundtrack),Farewell for Myself
16557,1.8129753,4MINUTE,Femme Fatale
16557,1.79993,Kim Jong Kook,Mark of Tear (Instrumental)
16557,1.7317159,Cosmic Girls / WJSN,Catch Me
16557,1.6868253,ZICO,Predator
16557,1.6465055,Yoon Do Hyun,How I Look These Days
16557,1.6332406,The Film,She
16557,1.6196138,IU,안경
16558,1.197187,Discovery Of Romance,Special Love – Sweet Sorrow
16558,1.1890528,황치열| leeSA(리싸),이 밤의 끝을 잡고 (LG유플러스 tv G 우퍼 광고 삽입곡)
16558,1.1678351,BEAST,Easy
16558,1.1626357,Ben,Not Ok
16558,1.151541,BANGTAN BOYS,Intro: Never Mind
16558,1.1483718,Ants,Pretty
16558,1.1448274,Master's Sun OST,Ghost World
16558,1.1402978,BIGBANG,Crazy Dog (Sampling by Taijiboys)
16558,1.1385279,JACE,Radio Star
16558,1.1352026,BTOB,U&I
16559,2.215672,Demion,Street of Dawn
16559,2.1823308,DICKPUNKS,Don't Wanna Lose Now
16559,2.1780772,VAV,Under The Moonlight (달빛 아래서)
16559,2.1499336,박재민,하루
16559,2.1189897,Jannabi,Goodnight
16559,2.072743,N (VIXX)| YEOEUN (MelodyDay),Without You
16559,2.039471,god,길 Road
16559,2.020897,YUN Jihun(To Romance) 윤지훈 (투로맨스),only you 너밖에 몰라
16559,2.0140517,Red Velvet,Light Me Up
16559,1.9764553,Boys Republic,Get Down
16560,1.5163131,Sugarbowl| Dusky80,Cherish
16560,1.5042287,Apink,Secret Garden
16560,1.4742564,Flower,Even though I know love...
16560,1.472971,DICKPUNKS,Don't Wanna Lose Now
16560,1.4234205,Various Artists,It`s Over
16560,1.3968042,Various Artists,한 사람을 위한 마음
16560,1.3832853,Park Hyo Shin,It`s You
16560,1.34201,INFINITE,Follow Me
16560,1.3232832,Joa Band,If We Were Together
16560,1.3097026,SUPER JUNIOR,SUPERMAN_Rearranged
16561,1.4820724,Lim Chang Jung,그렇게 당해놓고 (feat.마부스 OF 일렉트로보이즈)
16561,1.3538029,Lee Joon Gi,For One Day (instrumental)
16561,1.300178,CROWN J,The Best
16561,1.2994832,SISTAR,Say I Love You
16561,1.2945033,Various Artists,Love Sick
16561,1.2706102,Various Artists,Let's Cheer Up!
16561,1.2639778,Apink,Wanna Be
16561,1.253616,4MINUTE,BABABA
16561,1.2358695,BEAST,Sad Movie
16561,1.2336571,Baek Z Young,내 귀에 캔디 (feat.택연 of 2PM)
16562,1.7620909,Apink,Secret Garden
16562,1.6357431,Various Artists,Why do you see me?
16562,1.5661678,Thunder,Good
16562,1.5580667,BEAST,Fiction
16562,1.5456662,MBLAQ,유령 (같이 사랑했잖아)
16562,1.5009211,Park Hyo Shin,It`s You
16562,1.4508907,Casker,Undo
16562,1.4459794,INFINITE,Follow Me
16562,1.4363683,Jannabi,Goodnight
16562,1.4236768,BEAST,I'm Sorry
16563,1.9794675,Park Hyo Shin,It`s You
16563,1.7792289,Flower,Even though I know love...
16563,1.771245,The Film,She
16563,1.7198734,Reply 1994 (Original Soundtrack),Farewell for Myself
16563,1.7040159,4MINUTE,Femme Fatale
16563,1.632663,SUPER JUNIOR,SUPERMAN_Rearranged
16563,1.603932,Jihun 지훈,thinking of you 너만 생각나
16563,1.5882754,Spring Breeze Boy 봄바람 소년,only one only one
16563,1.585022,DICKPUNKS,Let's Play in the Han River
16563,1.5757823,N (VIXX)| YEOEUN (MelodyDay),Without You
16564,1.8443624,The Quiett,진흙 속에서 피는 꽃 Flower from the Mud (feat. Kebee & MC Meta)
16564,1.830307,SMTOWN,Last Christmas (SHINee)
16564,1.7322527,EXO,Let out the Beast
16564,1.687437,BANGTAN BOYS,Intro: Never Mind
16564,1.6473978,Coffee Boy,바보 Fool
16564,1.6367259,Various Artists,Confusing
16564,1.623096,BANGTAN BOYS,Attack On Bangtan
16564,1.61907,RYEOWOOK,Hello
16564,1.6039113,4MINUTE,Change
16564,1.5927725,Park Boram,Celepretty
16565,2.0280874,Park Hyo Shin,It`s You
16565,1.7435718,Flower,Even though I know love...
16565,1.6543334,Kim Greem,It might be you
16565,1.6438273,The Quiett,진흙 속에서 피는 꽃 Flower from the Mud (feat. Kebee & MC Meta)
16565,1.6309494,Reply 1994 (Original Soundtrack),Farewell for Myself
16565,1.4715642,Hyungdon & Daejune,안좋을때 들으면 더 안좋은 노래
16565,1.4064732,Sleepy,기분탓 (feat.백아연)
16565,1.3769592,SHINee,Runaway
16565,1.3457165,Shin Yong Jae,평범한 사랑
16565,1.3454447,VIXX,Love Me Do
16566,2.7311895,Apink,Secret Garden
16566,2.389539,Jannabi,Goodnight
16566,2.238692,Demion,Street of Dawn
16566,2.2378304,INFINITE,Follow Me
16566,2.1420171,god,길 Road
16566,2.1038222,Jang Na Ra (장나라),오월의 눈사람
16566,2.1001306,SHINee,3 2 1
16566,2.0935426,MBLAQ,유령 (같이 사랑했잖아)
16566,2.0652263,Red Velvet,Light Me Up
16566,1.907525,Kim Jang Hoon,The Mother Knows My Heart?
16567,2.3065917,Park Hyo Shin,It`s You
16567,2.2036371,Flower,Even though I know love...
16567,2.0889962,SUPER JUNIOR,SUPERMAN_Rearranged
16567,1.9791737,Kim Greem,It might be you
16567,1.8655591,Master's Sun OST,Mystery
16567,1.7957857,Spring Breeze Boy 봄바람 소년,only one only one
16567,1.7617025,Reply 1994 (Original Soundtrack),Farewell for Myself
16567,1.7504572,The Film,She
16567,1.7491852,The Quiett,진흙 속에서 피는 꽃 Flower from the Mud (feat. Kebee & MC Meta)
16567,1.7122138,4Men,Once While Living
16568,1.2137434,Ahn Hyeon Jeong,You and Me
16568,1.2063024,Various Artists,한 사람을 위한 마음
16568,1.1996266,Discovery Of Romance,Goodbye – star love fish with Jane
16568,1.1702502,DICKPUNKS,We Young!
16568,1.1629542,DICKPUNKS,Let's Play in the Han River
16568,1.1614289,BANGTAN BOYS,Attack On Bangtan
16568,1.1573627,YB,Mystery
16568,1.1546015,Various Artists,Summer's Afternoon
16568,1.1542739,Red Velvet,Huff n Puff
16568,1.1540215,ROY KIM,Stay
16569,2.4894621,Park Hyo Shin,It`s You
16569,2.2649314,Flower,Even though I know love...
16569,2.2162416,Kim Greem,It might be you
16569,1.975386,4MINUTE,Femme Fatale
16569,1.9672029,Reply 1994 (Original Soundtrack),Farewell for Myself
16569,1.8944336,N (VIXX)| YEOEUN (MelodyDay),Without You
16569,1.8918718,SUPER JUNIOR,SUPERMAN_Rearranged
16569,1.8723005,Jina U,First Love
16569,1.861004,4Men,Once While Living
16569,1.8241398,Master's Sun OST,Mystery
16570,1.8247558,SUPER JUNIOR,SUPERMAN_Rearranged
16570,1.7012239,Park Hyo Shin,It`s You
16570,1.6282583,요조 With 소규모 아카시아 밴드,바나나파티
16570,1.603299,Kim Greem,It might be you
16570,1.533066,Hyungdon & Daejune,안좋을때 들으면 더 안좋은 노래
16570,1.4608501,G.NA,Hate You
16570,1.4369307,The Quiett,진흙 속에서 피는 꽃 Flower from the Mud (feat. Kebee & MC Meta)
16570,1.4287804,SMTOWN,Last Christmas (SHINee)
16570,1.4043471,4Men,Once While Living
16570,1.3856754,BANGTAN BOYS,Attack On Bangtan
16571,2.115368,Park Hyo Shin,It`s You
16571,2.02187,Flower,Even though I know love...
16571,1.9019239,SUPER JUNIOR,SUPERMAN_Rearranged
16571,1.7753539,Kim Greem,It might be you
16571,1.6790901,The Film,She
16571,1.6573195,Reply 1994 (Original Soundtrack),Farewell for Myself
16571,1.5860353,Master's Sun OST,Mystery
16571,1.5813212,4MINUTE,Femme Fatale
16571,1.5643845,4Men,Once While Living
16571,1.5359223,The Quiett,진흙 속에서 피는 꽃 Flower from the Mud (feat. Kebee & MC Meta)
16572,2.3789797,Park Hyo Shin,It`s You
16572,2.0446558,Flower,Even though I know love...
16572,2.008808,Kim Greem,It might be you
16572,1.9540838,The Quiett,진흙 속에서 피는 꽃 Flower from the Mud (feat. Kebee & MC Meta)
16572,1.8649586,SUPER JUNIOR,SUPERMAN_Rearranged
16572,1.8179927,4Men,Once While Living
16572,1.7225518,요조 With 소규모 아카시아 밴드,바나나파티
16572,1.6681988,Reply 1994 (Original Soundtrack),Farewell for Myself
16572,1.5797983,Spring Breeze Boy 봄바람 소년,only one only one
16572,1.5001832,NS Yoon-G,What Do You Know
16573,2.331202,Kim Greem,It might be you
16573,2.2841733,Park Hyo Shin,It`s You
16573,2.1175976,Kim Jang Hoon,The Mother Knows My Heart?
16573,2.1074247,Flower,Even though I know love...
16573,1.8529427,NS Yoon-G,What Do You Know
16573,1.8526497,N (VIXX)| YEOEUN (MelodyDay),Without You
16573,1.8477598,박재민,하루
16573,1.8407705,BrotherFriendBrother,Soboru bread (소보루빵)
16573,1.8274579,YUN Jihun(To Romance) 윤지훈 (투로맨스),only you 너밖에 몰라
16573,1.814644,JAMBINAI,Connection
16574,2.2475917,Park Hyo Shin,It`s You
16574,2.0960574,Flower,Even though I know love...
16574,1.9603634,SUPER JUNIOR,SUPERMAN_Rearranged
16574,1.8409373,Kim Greem,It might be you
16574,1.7926089,The Quiett,진흙 속에서 피는 꽃 Flower from the Mud (feat. Kebee & MC Meta)
16574,1.7283422,The Film,She
16574,1.7242556,4Men,Once While Living
16574,1.7067653,Reply 1994 (Original Soundtrack),Farewell for Myself
16574,1.5960546,Spring Breeze Boy 봄바람 소년,only one only one
16574,1.5297529,Master's Sun OST,Mystery
16575,2.3256807,Park Hyo Shin,It`s You
16575,2.188199,Flower,Even though I know love...
16575,1.9274747,4MINUTE,Femme Fatale
16575,1.9255629,N (VIXX)| YEOEUN (MelodyDay),Without You
16575,1.8880919,YUN Jihun(To Romance) 윤지훈 (투로맨스),only you 너밖에 몰라
16575,1.8828373,DICKPUNKS,Don't Wanna Lose Now
16575,1.8630961,Kim Jang Hoon,The Mother Knows My Heart?
16575,1.8281276,Jina U,First Love
16575,1.7935348,CHOI Junyoung 최준영,cold heart 얼음심장
16575,1.7858278,Reply 1994 (Original Soundtrack),Farewell for Myself
16576,2.1465063,Park Hyo Shin,It`s You
16576,2.0444498,Flower,Even though I know love...
16576,2.0175204,SUPER JUNIOR,SUPERMAN_Rearranged
16576,1.7297717,The Film,She
16576,1.7235228,Reply 1994 (Original Soundtrack),Farewell for Myself
16576,1.6266981,Master's Sun OST,Mystery
16576,1.626327,4Men,Once While Living
16576,1.5770364,4MINUTE,Femme Fatale
16576,1.5525746,DICKPUNKS,Let's Play in the Han River
16576,1.5447987,Spring Breeze Boy 봄바람 소년,only one only one
16577,1.7791337,4MINUTE,Femme Fatale
16577,1.738342,Lee Ji Su 이지수,it's you 너야
16577,1.6751695,DICKPUNKS,Don't Wanna Lose Now
16577,1.6661782,Reply 1994 (Original Soundtrack),Farewell for Myself
16577,1.6527264,N (VIXX)| YEOEUN (MelodyDay),Without You
16577,1.641631,The Film,She
16577,1.5637988,Electroboyz,love (feat. seung hui from brave new girl group)(love (feat. 승희 from brave new girl group))
16577,1.5356358,INFINITE,Follow Me
16577,1.4805316,Park Hyo Shin,It`s You
16577,1.4517756,Flower,Even though I know love...
16578,2.608249,Park Hyo Shin,It`s You
16578,2.376712,Flower,Even though I know love...
16578,2.2976093,Jannabi,Goodnight
16578,2.2114944,INFINITE,Follow Me
16578,2.1659982,Kim Greem,It might be you
16578,2.129437,JAMBINAI,Connection
16578,2.0794897,N (VIXX)| YEOEUN (MelodyDay),Without You
16578,2.077433,Kim Jang Hoon,The Mother Knows My Heart?
16578,2.0721169,YUN Jihun(To Romance) 윤지훈 (투로맨스),only you 너밖에 몰라
16578,2.0712435,박재민,하루
16579,1.5459416,Lim Chang Jung,그렇게 당해놓고 (feat.마부스 OF 일렉트로보이즈) (inst)
16579,1.4668491,NS Yoon-G,What Do You Know
16579,1.4419413,SUPER JUNIOR,SUPERMAN_Rearranged
16579,1.4410608,SHINee,Your Number
16579,1.4302171,Flower,Even though I know love...
16579,1.4142877,Han Hee Jung,러브레터
16579,1.382341,Joa Band,If We Were Together
16579,1.3811696,Yu Jun Sang,Love & Hate
16579,1.3805199,The Lime,Because I Miss You
16579,1.3805113,BTOB,Imagine
16580,1.4207371,Ahn Hye Eun(안혜은),do not look for her(그녀를 찾지마)
16580,1.4144236,DICKPUNKS,Let's Play in the Han River
16580,1.3981279,BEAST,Let It Snow
16580,1.3886677,Lucani,Shooting Star
16580,1.3874865,Swings,이겨낼거야 2 (feat.GRAY)
16580,1.3695539,N (VIXX)| YEOEUN (MelodyDay),Without You
16580,1.3681595,Lucia,melt me down 녹여줘
16580,1.3642085,Vasco,Whoa Ha !
16580,1.360837,D'avant,Wanna Buy Love (여자친구 사주세요) (사랑을 살 수 있다면)
16580,1.3519514,Reply 1994 (Original Soundtrack),Farewell for Myself
16581,1.5699677,DICKPUNKS,Don't Wanna Lose Now
16581,1.5571066,INFINITE,Follow Me
16581,1.479686,Jannabi,Goodnight
16581,1.3393354,BTOB-BLUE,Stand By Me
16581,1.305112,4MINUTE,Femme Fatale
16581,1.2931759,SHINee,One
16581,1.2761737,Apink,Secret Garden
16581,1.2698976,f(x),All Mine
16581,1.2546898,EXO,December| 2014 (The Winter’s Tale)
16581,1.2448403,Sounda capo,안녕| 그대여
16582,2.4588726,Lee Ji Su 이지수,it's you 너야
16582,2.3139613,Park Hyo Shin,It`s You
16582,1.9593029,Apink,Secret Garden
16582,1.9126903,4MINUTE,Femme Fatale
16582,1.9120288,Flower,Even though I know love...
16582,1.8208438,Reply 1994 (Original Soundtrack),Farewell for Myself
16582,1.8017741,N (VIXX)| YEOEUN (MelodyDay),Without You
16582,1.777925,Kim Greem,It might be you
16582,1.5950024,The Film,She
16582,1.5931073,Modern Darakbang,All I Want Is 바라만봐도
16583,1.4454993,Lee Ji Su 이지수,it's you 너야
16583,1.3720889,Flower,Even though I know love...
16583,1.2830093,Master's Sun OST,Mystery
16583,1.2329893,INFINITE,Fixed Star
16583,1.21867,DICKPUNKS,We Young!
16583,1.1998522,Suzy Bae,Ring My Bell
16583,1.1538402,BrotherFriendBrother,Soboru bread (소보루빵)
16583,1.1512537,DICKPUNKS,Let's Play in the Han River
16583,1.1363876,Reply 1994 (Original Soundtrack),Farewell for Myself
16583,1.1287451,LeeSSang,변해가네 Changing (feat. 정인 Jung In)
16584,2.447536,Kim Greem,It might be you
16584,2.3330479,Park Hyo Shin,It`s You
16584,2.1502557,Flower,Even though I know love...
16584,2.024574,DICKPUNKS,Don't Wanna Lose Now
16584,2.0160892,INFINITE,Follow Me
16584,1.9779456,Kim Jang Hoon,The Mother Knows My Heart?
16584,1.9704757,Lee Ji Su 이지수,it's you 너야
16584,1.9185715,Jannabi,Goodnight
16584,1.9091295,4MINUTE,Femme Fatale
16584,1.8850484,N (VIXX)| YEOEUN (MelodyDay),Without You
16585,1.2372904,Teen Top,Date
16585,1.2270417,Apink,It Girl
16585,1.171475,BEAST,Wasn't Me
16585,1.1697813,NU'EST,나의 천국
16585,1.1652665,The Lime,Because I Miss You
16585,1.1553106,Master's Sun OST,Enjoy Party
16585,1.1524922,FTISLAND,여자는 몰라
16585,1.1487792,SISTAR,Say I Love You
16585,1.145101,Han Hee Jung,입맞춤| 입술의 춤
16585,1.1450317,JUNG JOON YOUNG BAND,Lizard
16586,1.8984444,Park Hyo Shin,It`s You
16586,1.7501023,Flower,Even though I know love...
16586,1.6700798,Lee Ji Su 이지수,it's you 너야
16586,1.5685706,Master's Sun OST,Mystery
16586,1.4864281,Reply 1994 (Original Soundtrack),Farewell for Myself
16586,1.3806124,DICKPUNKS,Let's Play in the Han River
16586,1.3698949,DICKPUNKS,We Young!
16586,1.3269593,4MINUTE,Femme Fatale
16586,1.2931948,BrotherFriendBrother,Soboru bread (소보루빵)
16586,1.2578253,Cosmic Girls / WJSN,Catch Me
16587,1.8917794,Park Hyo Shin,It`s You
16587,1.8562778,Lee Ji Su 이지수,it's you 너야
16587,1.6589755,요조 With 소규모 아카시아 밴드,바나나파티
16587,1.5838033,Flower,Even though I know love...
16587,1.5576437,Reply 1994 (Original Soundtrack),Farewell for Myself
16587,1.4312394,DICKPUNKS,Let's Play in the Han River
16587,1.430603,DICKPUNKS,We Young!
16587,1.4164486,Kim Greem,It might be you
16587,1.4100792,INFINITE,Fixed Star
16587,1.3311789,Spring Breeze Boy 봄바람 소년,only one only one
16588,2.2219527,Park Hyo Shin,It`s You
16588,2.1525958,Flower,Even though I know love...
16588,2.1515248,INFINITE,Follow Me
16588,2.1120222,Kim Jang Hoon,The Mother Knows My Heart?
16588,2.033097,N (VIXX)| YEOEUN (MelodyDay),Without You
16588,2.0039184,YUN Jihun(To Romance) 윤지훈 (투로맨스),only you 너밖에 몰라
16588,1.988146,4MINUTE,Femme Fatale
16588,1.9718411,Jina U,First Love
16588,1.9442105,CHOI Junyoung 최준영,cold heart 얼음심장
16588,1.9288436,박재민,하루
16589,1.6534301,Ailee,폭풍속으로 (feat.버벌진트)
16589,1.3964564,HENRY (Super Junior-M),1-4-3 (I Love You)
16589,1.3351599,SEVENTEEN,I Don't Know
16589,1.288016,BTOB,Yippie Yo Yippie Yay
16589,1.2840699,BoA,Kiss My Lips
16589,1.2403312,Various Artists,From Where To Where
16589,1.1718806,Shin Yong Jae,평범한 사랑
16589,1.1685163,Ailee,Why You Think I'm In Love With You
16589,1.1563905,t Yoonmirae,This Love
16589,1.1557015,Shayne,Be My Love
16590,1.2409339,Reply 1994 (Original Soundtrack),Farewell for Myself
16590,1.2366099,Red Velvet,Huff n Puff
16590,1.2267622,Spring Breeze Boy 봄바람 소년,only one only one
16590,1.1974986,BrotherFriendBrother,Soboru bread (소보루빵)
16590,1.1871624,Kim Jong Kook,Mark of Tear (Instrumental)
16590,1.163279,San E,Do It For Fun
16590,1.1582047,Baek Z Young,내 귀에 캔디 (feat.택연 of 2PM)
16590,1.1500101,SISTAR,널 사랑하겠어 (I choose to love you)
16590,1.1369851,Unpretty Rapstar Complation Album 2,Me| Myself & I
16590,1.133696,Yoon Do Hyun,How I Look These Days
16591,2.4552627,Park Hyo Shin,It`s You
16591,2.450828,Apink,Secret Garden
16591,2.3940885,Kim Greem,It might be you
16591,2.2917833,Flower,Even though I know love...
16591,2.2093496,Lee Ji Su 이지수,it's you 너야
16591,2.2091277,SHINee,3 2 1
16591,2.176399,f(x),All Mine
16591,2.1504197,Jannabi,Goodnight
16591,2.1358645,SHINee,WOWOWOW
16591,2.1238883,SHINee,One
16592,1.3432976,Jay Park,Evolution (feat. Gray)
16592,1.2763482,SISTAR,나혼자 (Alone)
16592,1.2495168,EXO,December| 2014 (The Winter’s Tale)
16592,1.2435018,Secret,Madonna
16592,1.2161427,Niel,심쿵?(feat.주니엘)
16592,1.2152162,BIGBANG TAEYANG,Where U At
16592,1.2113247,RAIN (정지훈),Love Song(English Ver.)
16592,1.1957843,Niel,Disappear
16592,1.1952463,Jay Park,I Got This
16592,1.1853194,Electroboyz,hot
16593,1.665137,Jannabi,Goodnight
16593,1.661172,DICKPUNKS,Don't Wanna Lose Now
16593,1.5778465,Flower,Even though I know love...
16593,1.5728654,SUPER JUNIOR,SUPERMAN_Rearranged
16593,1.5479074,Apink,Secret Garden
16593,1.5429134,Park Hyo Shin,It`s You
16593,1.5102429,Lee Ji Su 이지수,it's you 너야
16593,1.4994394,Various Artists,Why do you see me?
16593,1.4903609,INFINITE,Follow Me
16593,1.4575199,Demion,Street of Dawn
16594,1.91715,The Quiett,진흙 속에서 피는 꽃 Flower from the Mud (feat. Kebee & MC Meta)
16594,1.8392129,Various Artists,Confusing
16594,1.7407749,EXO,MY ANSWER
16594,1.6505717,Coffee Boy,바보 Fool
16594,1.6383147,Various Artists,With You
16594,1.6377904,성훈,The Justice
16594,1.609714,Park Boram,Celepretty
16594,1.5905653,Melody Day,마법의 성
16594,1.5585102,Jun Hyung Yong,Caffeine
16594,1.5564382,SMTOWN,Last Christmas (SHINee)
16595,1.4324132,EXO,Thunder
16595,1.4076278,SHINee,Don't Stop
16595,1.4055873,Various Artists,한 사람을 위한 마음
16595,1.3818092,The Quiett,진흙 속에서 피는 꽃 Flower from the Mud (feat. Kebee & MC Meta)
16595,1.364009,IU,입술 사이 (50cm)
16595,1.2959974,Lee Hong Gi (FTISLAND),뜨거운 안녕
16595,1.2914102,BIGBANG,Remember
16595,1.2881582,hyukoh,Hooka
16595,1.2826006,BOYFRIEND,WHITE DAY
16595,1.2805927,t Yoonmirae,Who
16596,2.241258,Lee Ji Su 이지수,it's you 너야
16596,2.1394591,Park Hyo Shin,It`s You
16596,1.9581717,Flower,Even though I know love...
16596,1.8124799,Kim Greem,It might be you
16596,1.7446517,Reply 1994 (Original Soundtrack),Farewell for Myself
16596,1.613751,The Film,She
16596,1.5632014,4Men,Once While Living
16596,1.5594362,SUPER JUNIOR,SUPERMAN_Rearranged
16596,1.5206165,Hyungdon & Daejune,안좋을때 들으면 더 안좋은 노래
16596,1.5140837,4MINUTE,Femme Fatale
16597,1.7251116,SUPER JUNIOR,SUPERMAN_Rearranged
16597,1.6595329,The Film,She
16597,1.4884001,Master's Sun OST,Mystery
16597,1.4346117,IU,느리게 하는 일
16597,1.412504,nafla,Wu
16597,1.3826883,Reply 1994 (Original Soundtrack),Farewell for Myself
16597,1.3326774,UP10TION,Just Like That
16597,1.3098124,Urban Zakapa,Rainbow Ride (Prelude)
16597,1.2479154,VIXX,Can’t say
16597,1.2386558,The Quiett,진흙 속에서 피는 꽃 Flower from the Mud (feat. Kebee & MC Meta)
16598,1.9747779,Park Hyo Shin,It`s You
16598,1.8569577,SUPER JUNIOR,SUPERMAN_Rearranged
16598,1.7656748,요조 With 소규모 아카시아 밴드,바나나파티
16598,1.7276413,Flower,Even though I know love...
16598,1.626015,Kim Greem,It might be you
16598,1.5147154,Master's Sun OST,Mystery
16598,1.4991595,Reply 1994 (Original Soundtrack),Farewell for Myself
16598,1.4984965,Apink,Secret Garden
16598,1.4800444,KYUHYUN,Eternal Sunshine
16598,1.4722686,Shannon,Daybreak Rain
16599,1.6690738,Ants,Pretty
16599,1.5153391,AZIATIX,Lights
16599,1.4851793,JooYoung,들리나요
16599,1.3970175,BTOB,Second Confession
16599,1.3763669,HyunA,Get Outta My House
16599,1.3722225,BTOB,For You
16599,1.3682693,Ben,Not Ok
16599,1.3507745,t Yoonmirae,This Love
16599,1.3333464,Block B,Very Good
16599,1.3268784,Jay Park,좋아 Joah (Remastered)
16600,1.5452528,INFINITE,Real Story
16600,1.5437348,Marriage over Love OST,Farewell story
16600,1.5297663,Gummy,너를 사랑해 (Piano By Eco Bridge)
16600,1.4959979,Hello Ga-Young,Those Moments
16600,1.4745748,Marriage over Love OST,What's Up
16600,1.4713652,JeA,그대 바보
16600,1.4497778,Keon-Mo Kim,Shall live when I die
16600,1.4442877,Jessi| Kim Young-Im| Crispi Crunch,Kwaejina Ching Ching Nane
16600,1.3950787,LOCO,너도 (feat.Cha Cha Malone)
16600,1.3904502,지윤,사랑이 남아
16601,1.7024815,CRAYON POP,1| 2| 3| 4
16601,1.6875486,Gavy NJ,Love Novel
16601,1.664156,The Quiett,진흙 속에서 피는 꽃 Flower from the Mud (feat. Kebee & MC Meta)
16601,1.6390486,BTOB,Anymore
16601,1.5940877,Various Artists,Darling
16601,1.5681889,LYn,이별주
16601,1.554396,BEAST,Dance With U
16601,1.5233147,EXO,Baby
16601,1.4903641,BANGTAN BOYS,Autumn Leaves
16601,1.4837945,BTOB,Thriller
16602,1.7312453,INFINITE,Julia
16602,1.644812,MBLAQ,Y
16602,1.6231863,BTOB,Thriller
16602,1.5571735,4MINUTE,Sweet Suga Honey!
16602,1.5407056,LYn,이별주
16602,1.5248823,CRAYON POP,1| 2| 3| 4
16602,1.5108248,G.NA,At First Sight
16602,1.5038341,Jay Park,사실은 The Truth Is
16602,1.4946146,JONGHYUN,Fine
16602,1.4938954,Ailee,그대도 같은가요
16603,1.5410395,IU,느리게 하는 일
16603,1.4388026,Reply 1988 (Original Soundtrack),Butter Flying
16603,1.42502,UP10TION,Just Like That
16603,1.3752702,Ailee,bye now(이제는 안녕)
16603,1.3601794,The Quiett,진흙 속에서 피는 꽃 Flower from the Mud (feat. Kebee & MC Meta)
16603,1.3334789,SEVENTEEN,어른이 되면
16603,1.3148347,Swings,a real lady
16603,1.2824581,BIGBANG,SOBER
16603,1.2661998,참깨와 솜사탕,키스미
16603,1.2535794,Secret Garden OST,Here I am (Piano Ver.)
16604,2.3498912,Park Hyo Shin,It`s You
16604,2.0005903,Flower,Even though I know love...
16604,1.9454987,Reply 1994 (Original Soundtrack),Farewell for Myself
16604,1.8622286,Kim Greem,It might be you
16604,1.8405213,Various Artists,The room of secret
16604,1.7877053,Kim Jang Hoon,The Mother Knows My Heart?
16604,1.775586,SUPER JUNIOR,SUPERMAN_Rearranged
16604,1.7387426,N (VIXX)| YEOEUN (MelodyDay),Without You
16604,1.6924473,Yoon Do Hyun,How I Look These Days
16604,1.6920592,4MINUTE,Femme Fatale
16605,1.4483509,UP10TION,Just Like That
16605,1.3305796,IU,느리게 하는 일
16605,1.3188283,Baek Z Young,안해요 (No fear)
16605,1.2390237,B1A4,짝사랑(산들 SOLO)
16605,1.2281493,Shayne,Be My Love
16605,1.2262237,Various Artists,If I Meet You Again (feat. Monet)
16605,1.2260079,Master's Sun OST,Last One Feat. Joosu
16605,1.1870986,Reply 1988 (Original Soundtrack),Butter Flying
16605,1.1849196,Clazziquai Project,Android
16605,1.1804545,Han Hee Jung,러브레터
16606,1.5169845,Ants,Pretty
16606,1.4801803,B1A4,짝사랑(산들 SOLO)
16606,1.4646144,Various Artists,If I Meet You Again (feat. Monet)
16606,1.3866017,BrotherFriendBrother,Soboru bread (소보루빵)
16606,1.3787081,Sing Again| Hera Gu OST,I'm In Love
16606,1.3467902,INFINITE,Entrust
16606,1.3360219,Baek Z Young,비라도 내렸으면 좋겠어
16606,1.3292773,BTOB,Second Confession
16606,1.3075979,Nop.K,nike only. clean 나이키로만
16606,1.3011993,B.A.P,YesSir
16607,1.4021717,UP10TION,Just Like That
16607,1.3325619,Various Artists,If I Meet You Again (feat. Monet)
16607,1.3222615,Linus' Blanket,Love Me
16607,1.3215704,SANDEUL,The way with you
16607,1.2803302,MONSTA X,No Exit
16607,1.2794082,BTOB,Second Confession
16607,1.2757095,4MINUTE,BABABA
16607,1.2707075,Ants,Pretty
16607,1.2582084,긱스|소유 (씨스타),Officially missing you|too
16607,1.2540978,Baek Z Young,비라도 내렸으면 좋겠어
16608,1.3813118,Lee Hong Gi (FTISLAND),뜨거운 안녕
16608,1.2153156,4MINUTE,BABABA
16608,1.2077427,Various Artists,First time
16608,1.2003032,Urban Zakapa,Rainbow Ride (Prelude)
16608,1.1929791,Various Artists,Gray paper
16608,1.1920679,Han Hee Jung,러브레터
16608,1.1895231,Taru,세탁기
16608,1.1883061,Ants,Pretty
16608,1.1875132,Various Artists,IF
16608,1.1873541,Clazziquai Project,Android
16609,2.107265,Park Hyo Shin,It`s You
16609,2.060483,Apink,Secret Garden
16609,2.0000093,SUPER JUNIOR,SUPERMAN_Rearranged
16609,1.9608568,Flower,Even though I know love...
16609,1.8850467,SHINee,3 2 1
16609,1.8377285,Master's Sun OST,Mystery
16609,1.8203149,Kim Greem,It might be you
16609,1.8129119,SHINee,WOWOWOW
16609,1.8124737,SHINee,One
16609,1.7770896,JAMBINAI,Connection
16610,2.6150227,Various Artists,Why do you see me?
16610,2.3856642,Lee Ji Su 이지수,it's you 너야
16610,2.1346443,Park Hyo Shin,It`s You
16610,1.9207246,INFINITE,Follow Me
16610,1.9068856,DICKPUNKS,Don't Wanna Lose Now
16610,1.8717248,NS Yoon-G,What Do You Know
16610,1.8340523,4MINUTE,Femme Fatale
16610,1.830442,Thunder,Good
16610,1.8204572,N (VIXX)| YEOEUN (MelodyDay),Without You
16610,1.813334,Kim Greem,It might be you
16611,1.7218769,SUPER JUNIOR,SUPERMAN_Rearranged
16611,1.6009909,Park Hyo Shin,It`s You
16611,1.5910107,SMTOWN,Last Christmas (SHINee)
16611,1.5760195,BANGTAN BOYS,Autumn Leaves
16611,1.547361,BANGTAN BOYS,Intro: Never Mind
16611,1.5439764,LYn,이별주
16611,1.511086,RYEOWOOK,Hello
16611,1.4943541,SISTAR,Oh Baby
16611,1.4887712,EXO,Let out the Beast
16611,1.480662,FTISLAND,사랑이야
16612,1.7053452,The Quiett,진흙 속에서 피는 꽃 Flower from the Mud (feat. Kebee & MC Meta)
16612,1.54048,G.NA,Hate You
16612,1.4151413,SUPER JUNIOR,SUPERMAN_Rearranged
16612,1.3535105,4Men,Once While Living
16612,1.3461244,The Lime,Because I Miss You
16612,1.3364915,AlphaBAT,Oh My Gosh!
16612,1.3282092,Ants,Pretty
16612,1.3240794,Various Artists,You and Me
16612,1.311379,Ailee,Scent of Woman
16612,1.2809045,B1A4,짝사랑(산들 SOLO)
16613,1.7830728,Park Hyo Shin,It`s You
16613,1.5793406,Flower,Even though I know love...
16613,1.430083,Reply 1994 (Original Soundtrack),Farewell for Myself
16613,1.4283571,Thunder,Good
16613,1.4226925,Kim Greem,It might be you
16613,1.396457,Lee Ji Su 이지수,it's you 너야
16613,1.3720471,SHINee,Runaway
16613,1.3628705,TVXQ!,HUMANOIDS
16613,1.3540453,4MINUTE,Femme Fatale
16613,1.3201147,The Film,She
16614,1.6772863,PARK Sujin & Electro boys 박수진 & 일렉트로보이즈,shaking 떨려요
16614,1.595289,BANGTAN BOYS,Intro: Never Mind
16614,1.5335797,LYn,이별주
16614,1.5329901,BANGTAN BOYS,Autumn Leaves
16614,1.5049248,RYEOWOOK,Hello
16614,1.4868684,4MINUTE,Change
16614,1.4855994,SMTOWN,Last Christmas (SHINee)
16614,1.4844007,INFINITE,Julia
16614,1.462184,CRAYON POP,1| 2| 3| 4
16614,1.4067931,FTISLAND,사랑이야
16615,2.0912094,Lee Ji Su 이지수,it's you 너야
16615,1.8536884,Park Hyo Shin,It`s You
16615,1.7257774,Kim Greem,It might be you
16615,1.6296781,The Quiett,진흙 속에서 피는 꽃 Flower from the Mud (feat. Kebee & MC Meta)
16615,1.493417,Reply 1994 (Original Soundtrack),Farewell for Myself
16615,1.491637,Hyungdon & Daejune,안좋을때 들으면 더 안좋은 노래
16615,1.4069018,SHINee,Runaway
16615,1.3949788,Flower,Even though I know love...
16615,1.3442047,Various Artists,한 사람을 위한 마음
16615,1.342461,요조 With 소규모 아카시아 밴드,바나나파티
16616,1.8105811,AOORA,Grab or Bite
16616,1.7721875,The Quiett,진흙 속에서 피는 꽃 Flower from the Mud (feat. Kebee & MC Meta)
16616,1.6825565,G.NA,Hate You
16616,1.6810883,PARK Sujin & Electro boys 박수진 & 일렉트로보이즈,shaking 떨려요
16616,1.6550779,Beta89,Youth (청춘아)
16616,1.6475854,NS Yoon-G,What Do You Know
16616,1.6325579,Cocosori,Dark Circle
16616,1.5983955,DICKPUNKS,We Young!
16616,1.5891516,BrotherFriendBrother,Soboru bread (소보루빵)
16616,1.5789256,SUPER JUNIOR,SUPERMAN_Rearranged
16617,1.596209,Reply 1988 (Original Soundtrack),Butter Flying
16617,1.5399772,Sing Again| Hera Gu OST,The day I meet you
16617,1.5318232,Secret,Poison
16617,1.3909833,SEVENTEEN,어른이 되면
16617,1.3797547,Block B,A few years later
16617,1.3573109,Master's Sun OST,Out Of The Ghost
16617,1.3526902,HENRY (Super Junior-M),Butterfly - feat. SEUL GI of SMROOKIES
16617,1.3343189,BEAST,Gotta Go To Work
16617,1.3172765,SHINee,Runaway
16617,1.2914784,VIXX,Sad Ending
16618,1.5897799,Ants,Pretty
16618,1.4464248,Urban Zakapa,Rainbow Ride (Prelude)
16618,1.4065747,UP10TION,Just Like That
16618,1.3224266,BTOB,Second Confession
16618,1.3043542,Shayne,Be My Love
16618,1.3038595,IU,느리게 하는 일
16618,1.2917813,HENRY (Super Junior-M),1-4-3 (I Love You)
16618,1.2308708,AKDONG MUSICIAN (AKMU),매력있어
16618,1.2244587,Master's Sun OST,Last One Feat. Joosu
16618,1.2243222,Allegrow,우리가 스쳐온 서울 밤하늘엔 (Inst.)
16619,1.4430925,BTOB,Second Confession
16619,1.3934996,Apink,하늘 높이 (Feat. Joker)
16619,1.373048,Sing Again| Hera Gu OST,I'm In Love
16619,1.3726954,INFINITE,Amazing
16619,1.3711389,Ants,Pretty
16619,1.3322148,C Jamm,걍 음악이다
16619,1.3238919,Teen Top,우린 문제 없어 (I’m Sorry)
16619,1.3048416,릴보이| 베이식,돈돈돈
16619,1.3016336,GOGOBOYS,즐겁고 즐거워 Joyful Boy
16619,1.2638448,NCT U,WITHOUT YOU
16620,2.2089367,Park Hyo Shin,It`s You
16620,2.0293763,JAMBINAI,Connection
16620,1.9415501,Kim Greem,It might be you
16620,1.8648565,The Film,She
16620,1.8591402,4Men,Once While Living
16620,1.8543127,NS Yoon-G,What Do You Know
16620,1.8285607,SUPER JUNIOR,SUPERMAN_Rearranged
16620,1.7874143,Reply 1994 (Original Soundtrack),Farewell for Myself
16620,1.7650836,The Quiett,진흙 속에서 피는 꽃 Flower from the Mud (feat. Kebee & MC Meta)
16620,1.6991417,MIIII,Temperature
16621,2.255317,Lee Ji Su 이지수,it's you 너야
16621,1.9251207,Park Hyo Shin,It`s You
16621,1.7653067,Apink,Secret Garden
16621,1.6187305,4MINUTE,Femme Fatale
16621,1.5436038,Flower,Even though I know love...
16621,1.5415967,The Film,She
16621,1.5235366,BTOB-BLUE,Stand By Me
16621,1.5146794,N (VIXX)| YEOEUN (MelodyDay),Without You
16621,1.4932648,Modern Darakbang,All I Want Is 바라만봐도
16621,1.4583781,Reply 1994 (Original Soundtrack),Farewell for Myself
16622,2.0057194,Lee Ji Su 이지수,it's you 너야
16622,1.7583519,Apink,Secret Garden
16622,1.7190614,MBLAQ,유령 (같이 사랑했잖아)
16622,1.6254659,Kim Greem,It might be you
16622,1.5886042,Park Hyo Shin,It`s You
16622,1.5873792,BEAST,Fiction
16622,1.4766352,요조 With 소규모 아카시아 밴드,바나나파티
16622,1.4458274,INFINITE,Follow Me
16622,1.4426991,DICKPUNKS,Don't Wanna Lose Now
16622,1.4341574,BEAST,I'm Sorry
16623,2.245414,Park Hyo Shin,It`s You
16623,2.0136354,Jannabi,Goodnight
16623,2.0122569,Flower,Even though I know love...
16623,1.962251,Spring Breeze Boy 봄바람 소년,only one only one
16623,1.8571337,Kim Jang Hoon,The Mother Knows My Heart?
16623,1.8483015,Various Artists,It`s Over
16623,1.837396,INFINITE,Follow Me
16623,1.8357122,DICKPUNKS,Don't Wanna Lose Now
16623,1.8248947,CHOI Junyoung 최준영,cold heart 얼음심장
16623,1.8139824,Jina U,First Love
16624,1.4800508,Urban Zakapa,Rainbow Ride (Prelude)
16624,1.3141211,Ants,Pretty
16624,1.3052489,UP10TION,Just Like That
16624,1.2912986,Baek Z Young,안해요 (No fear)
16624,1.2791775,Allegrow,우리가 스쳐온 서울 밤하늘엔 (Inst.)
16624,1.2783986,4MINUTE,BABABA
16624,1.2693647,IU,느리게 하는 일
16624,1.2679564,TVXQ!,HUMANOIDS
16624,1.2616084,Han Hee Jung,러브레터
16624,1.257277,Clazziquai Project,Android
16625,2.315934,Park Hyo Shin,It`s You
16625,2.1798332,SHINee,3 2 1
16625,2.1430037,Flower,Even though I know love...
16625,2.1091652,f(x),All Mine
16625,2.066286,Jannabi,Goodnight
16625,2.0645072,Lee Ji Su 이지수,it's you 너야
16625,2.0478964,INFINITE,Follow Me
16625,2.0365431,BTOB-BLUE,Stand By Me
16625,2.0363588,SHINee,One
16625,2.033848,Infinite H,Fly Again
16626,1.2330856,Baek Z Young,Love and Love
16626,1.1980262,Bo Kyung & Shayne,Summer Love (Duet Ver.)
16626,1.1808252,VIBE,A Lonely Guy
16626,1.1652147,EXO,Cloud 9
16626,1.1624612,Kill Me| Heal Me,Strange Feeling
16626,1.1510618,EXO,Let Out The Beast
16626,1.1505523,B.A.P,Rain Sound
16626,1.1499691,Ra.L,I Wanna Sleep
16626,1.1466043,The Electriceels,Freddy (프레디)
16626,1.1450765,DEAN,And You? (Outro)
16627,1.9797175,Park Hyo Shin,It`s You
16627,1.7441671,DICKPUNKS,Don't Wanna Lose Now
16627,1.7033256,Flower,Even though I know love...
16627,1.6648146,Kim Greem,It might be you
16627,1.560386,N (VIXX)| YEOEUN (MelodyDay),Without You
16627,1.556042,4MINUTE,Femme Fatale
16627,1.5523115,Apink,Secret Garden
16627,1.5229285,INFINITE,Follow Me
16627,1.4454025,The Film,She
16627,1.4387952,Reply 1994 (Original Soundtrack),Farewell for Myself
16628,1.4179643,Apink,Secret Garden
16628,1.4170849,Lim Chang Jung,그렇게 당해놓고 (feat.마부스 OF 일렉트로보이즈)
16628,1.2785239,BEAST,Fiction
16628,1.2687091,Thunder,Good
16628,1.2035944,Red Velvet,Rose Scent Breeze
16628,1.1809862,Park Hyo Shin,It`s You
16628,1.1719677,Discovery Of Romance,Special Love – Sweet Sorrow
16628,1.1647446,Fromm,COME TO THE BACK SIDE OF THE MOON
16628,1.1631641,Diary of a Night Watchman Original Soundtrack,Only Tears Flowed
16628,1.152598,EXID,Todak Todak
16629,2.4115608,Park Hyo Shin,It`s You
16629,2.2454808,Flower,Even though I know love...
16629,2.138877,Lee Ji Su 이지수,it's you 너야
16629,1.864222,DICKPUNKS,Don't Wanna Lose Now
16629,1.8638328,4MINUTE,Femme Fatale
16629,1.8334658,N (VIXX)| YEOEUN (MelodyDay),Without You
16629,1.819869,Reply 1994 (Original Soundtrack),Farewell for Myself
16629,1.8111359,The Film,She
16629,1.7428484,Jihun 지훈,thinking of you 너만 생각나
16629,1.7281915,NU'EST,사실 말야
16630,1.5723106,Various Artists,Hide And Seek
16630,1.4712001,DICKPUNKS,I See You
16630,1.4374666,IU,무릎
16630,1.406817,참깨와 솜사탕,키스미
16630,1.2935251,SHINee,Hold You
16630,1.2729101,Han Hee Jung,러브레터
16630,1.2645208,B1A4,쮸쮸쮸 (Chu Chu Chu)
16630,1.2639952,SEVENTEEN,Still Lonely
16630,1.2608519,AKDONG MUSICIAN (AKMU),다리꼬지마
16630,1.2523454,SHINee,An Ode To You
16631,1.2114731,Various Artists,Lovesome
16631,1.2043667,f(x),MILK
16631,1.187899,4MINUTE,Sweet Suga Honey!
16631,1.1716743,BEAST,YeY
16631,1.1622963,SISTAR,Give It To Me (Reno Remix)
16631,1.1609814,BANGTAN BOYS,Intro: Skool Luv Affair
16631,1.1459041,Master's Sun OST,Lake Wave
16631,1.1285778,DEAN,And You? (Outro)
16631,1.1284099,Broccoli you too,No More Encore
16631,1.1257125,INFINITE,True Love
16632,1.6047417,SHINee,Hold You
16632,1.5012983,DICKPUNKS,I See You
16632,1.4747485,Jeong Eun Ji,Hopefully Sky
16632,1.4739398,SEVENTEEN,Still Lonely
16632,1.4150137,Various Artists,한 사람을 위한 마음
16632,1.3984373,Various Artists,Hide And Seek
16632,1.3936228,Discovery Of Romance,Special Love – Sweet Sorrow
16632,1.3160063,BIGBANG TAEYANG,Prayer (feat. Teddy)
16632,1.3123837,Yozoh,뒹굴뒹굴
16632,1.3003967,Niel,Disappear
16633,2.0096622,Park Hyo Shin,It`s You
16633,1.9809228,SUPER JUNIOR,SUPERMAN_Rearranged
16633,1.9212257,Flower,Even though I know love...
16633,1.7446653,Master's Sun OST,Mystery
16633,1.6725643,Thunder,Good
16633,1.6651777,Kim Greem,It might be you
16633,1.6466106,4Men,Once While Living
16633,1.6258901,JAMBINAI,Connection
16633,1.6203226,Marriage over Love OST,Love Knots
16633,1.5694449,The Quiett,진흙 속에서 피는 꽃 Flower from the Mud (feat. Kebee & MC Meta)
16634,2.4070604,Park Hyo Shin,It`s You
16634,2.2224753,Kim Greem,It might be you
16634,2.1917875,Flower,Even though I know love...
16634,1.8952413,JAMBINAI,Connection
16634,1.8775178,N (VIXX)| YEOEUN (MelodyDay),Without You
16634,1.8722949,4Men,Once While Living
16634,1.8433454,4MINUTE,Femme Fatale
16634,1.8341345,Reply 1994 (Original Soundtrack),Farewell for Myself
16634,1.7847191,SUPER JUNIOR,SUPERMAN_Rearranged
16634,1.778988,Kim Jang Hoon,The Mother Knows My Heart?
16635,1.9330524,The Quiett,진흙 속에서 피는 꽃 Flower from the Mud (feat. Kebee & MC Meta)
16635,1.8412639,Park Hyo Shin,It`s You
16635,1.6364654,NS Yoon-G,What Do You Know
16635,1.6180472,Flower,Even though I know love...
16635,1.5472476,JAMBINAI,Connection
16635,1.4823979,Ailee,Scent of Woman
16635,1.4737116,4Men,Once While Living
16635,1.4239262,MBLAQ,Y
16635,1.3832228,N (VIXX)| YEOEUN (MelodyDay),Without You
16635,1.365852,Jina U,First Love
16636,2.064248,Park Hyo Shin,It`s You
16636,1.8859255,Flower,Even though I know love...
16636,1.7125151,SUPER JUNIOR,SUPERMAN_Rearranged
16636,1.6485636,Kim Greem,It might be you
16636,1.6340052,Reply 1994 (Original Soundtrack),Farewell for Myself
16636,1.632456,Thunder,Good
16636,1.6169629,Lee Ji Su 이지수,it's you 너야
16636,1.6026748,4MINUTE,Femme Fatale
16636,1.5523763,4Men,Once While Living
16636,1.5205234,Hyungdon & Daejune,안좋을때 들으면 더 안좋은 노래
16637,1.9990351,Park Hyo Shin,It`s You
16637,1.8788791,Flower,Even though I know love...
16637,1.6664654,Kim Greem,It might be you
16637,1.6178207,Reply 1994 (Original Soundtrack),Farewell for Myself
16637,1.606165,4MINUTE,Femme Fatale
16637,1.5615526,The Film,She
16637,1.5008,INFINITE,Follow Me
16637,1.4841406,Lee Ji Su 이지수,it's you 너야
16637,1.4482524,Master's Sun OST,Mystery
16637,1.4439983,TVXQ!,HUMANOIDS
16638,1.8760265,Park Hyo Shin,It`s You
16638,1.7628087,Kim Greem,It might be you
16638,1.7331917,The Quiett,진흙 속에서 피는 꽃 Flower from the Mud (feat. Kebee & MC Meta)
16638,1.5956047,Flower,Even though I know love...
16638,1.5542061,4Men,Once While Living
16638,1.5280828,Hyungdon & Daejune,안좋을때 들으면 더 안좋은 노래
16638,1.4766552,Reply 1994 (Original Soundtrack),Farewell for Myself
16638,1.4318639,Shin Yong Jae,평범한 사랑
16638,1.420339,SUPER JUNIOR,SUPERMAN_Rearranged
16638,1.4122264,요조 With 소규모 아카시아 밴드,바나나파티
16639,1.452486,Park Hyo Shin,It`s You
16639,1.3783188,The Quiett,진흙 속에서 피는 꽃 Flower from the Mud (feat. Kebee & MC Meta)
16639,1.2815905,Reply 1994 (Original Soundtrack),Farewell for Myself
16639,1.2804499,Shin Yong Jae,평범한 사랑
16639,1.269944,BANGTAN BOYS,Intro: Never Mind
16639,1.2644236,SHINee,Runaway
16639,1.2587823,BANGTAN BOYS,Autumn Leaves
16639,1.241715,KYUHYUN,Eternal Sunshine
16639,1.2251005,TVXQ!,HUMANOIDS
16639,1.2211146,Take,Good-Bye
16640,2.018583,SUPER JUNIOR,SUPERMAN_Rearranged
16640,1.7514743,4Men,Once While Living
16640,1.737994,Park Hyo Shin,It`s You
16640,1.7252839,Ahn Hye Eun(안혜은),do not look for her(그녀를 찾지마)
16640,1.7013946,Yoon Do Hyun,How I Look These Days
16640,1.6933869,NS Yoon-G,What Do You Know
16640,1.6301225,Various Artists,I Like You
16640,1.6251528,Reply 1994 (Original Soundtrack),Farewell for Myself
16640,1.6223111,Kim Jong Kook,Mark of Tear (Instrumental)
16640,1.5833176,Lucia,melt me down 녹여줘
16641,2.1908693,Park Hyo Shin,It`s You
16641,2.044045,Flower,Even though I know love...
16641,1.9242802,Kim Greem,It might be you
16641,1.8049242,Lee Ji Su 이지수,it's you 너야
16641,1.8004179,Apink,Secret Garden
16641,1.7317002,Reply 1994 (Original Soundtrack),Farewell for Myself
16641,1.7164695,Master's Sun OST,Mystery
16641,1.7160066,SUPER JUNIOR,SUPERMAN_Rearranged
16641,1.7099764,INFINITE,Follow Me
16641,1.699947,4MINUTE,Femme Fatale
16642,1.4246732,The Quiett,진흙 속에서 피는 꽃 Flower from the Mud (feat. Kebee & MC Meta)
16642,1.379197,NU'EST,나의 천국
16642,1.324982,Han Hee Jung,러브레터
16642,1.3064929,Acourve,그날
16642,1.3019373,MBLAQ,Again
16642,1.2649572,MIIII,Not-Boyfriend
16642,1.2609521,BoA,M.E.P (My Electronic Piano) 
16642,1.2415401,GFRIEND,나침반 (Compas)
16642,1.2414932,t Yoonmirae,Who
16642,1.2147934,Fromm,Pieces of You and Me
16643,2.1966288,Park Hyo Shin,It`s You
16643,2.1311145,Flower,Even though I know love...
16643,2.0626602,Jannabi,Goodnight
16643,2.054795,SUPER JUNIOR,SUPERMAN_Rearranged
16643,2.0115516,4Men,Once While Living
16643,1.9699194,JAMBINAI,Connection
16643,1.9333942,Kim Greem,It might be you
16643,1.913403,The Film,She
16643,1.9019727,INFINITE,Follow Me
16643,1.8452169,Master's Sun OST,Mystery
16644,1.5712883,Park Hyo Shin,It`s You
16644,1.4704151,Flower,Even though I know love...
16644,1.3520225,BANGTAN BOYS,Intro: Never Mind
16644,1.3423008,BANGTAN BOYS,Autumn Leaves
16644,1.3324928,The Quiett,진흙 속에서 피는 꽃 Flower from the Mud (feat. Kebee & MC Meta)
16644,1.3084979,Yu Jun Sang,Love & Hate
16644,1.3007345,LYn,이별주
16644,1.2767348,BTOB,By Your Side
16644,1.2631707,RYEOWOOK,Hello
16644,1.2553242,CRAYON POP,1| 2| 3| 4
16645,1.286271,Urban Zakapa,Rainbow Ride (Prelude)
16645,1.2740552,ZICO,Predator
16645,1.2170131,BrotherFriendBrother,Soboru bread (소보루빵)
16645,1.2109528,TVXQ!,ATHENA
16645,1.2089736,YoungAh feat. enu jong,Break Up Notice 이별통보
16645,1.2081072,Ants,Pretty
16645,1.1893241,Shayne,Be My Love
16645,1.165325,Various Artists,Anna's Appassionata
16645,1.1644783,Baek Z Young,Don't Forget (Acoustic Version)
16645,1.1621407,JUNG JOON YOUNG BAND,Lizard
16646,1.2941306,Thunder,Good
16646,1.2891011,The Quiett,진흙 속에서 피는 꽃 Flower from the Mud (feat. Kebee & MC Meta)
16646,1.2563963,BANGTAN BOYS,Intro: Never Mind
16646,1.1834718,PARK Sujin & Electro boys 박수진 & 일렉트로보이즈,shaking 떨려요
16646,1.1645606,BTOB,Killing Me
16646,1.163547,BANGTAN BOYS,Autumn Leaves
16646,1.1466002,SHINee,Your Number
16646,1.1362991,Urban Zakapa,Rainbow Ride (Prelude)
16646,1.1308823,Ahn Hyeon Jeong,You and Me
16646,1.1235118,Ailee,bye now(이제는 안녕)
16647,1.3011725,BANGTAN BOYS,Autumn Leaves
16647,1.2705946,BANGTAN BOYS,Intro: Never Mind
16647,1.2475739,Yeoeun,My Love
16647,1.2269835,SMTOWN,Last Christmas (SHINee)
16647,1.2056782,Ahn Hyeon Jeong,You and Me
16647,1.2047908,Ailee,bye now(이제는 안녕)
16647,1.2017348,BTOB,Killing Me
16647,1.1845335,Apink,I don't Know
16647,1.1723295,Coffee Boy,바보 Fool
16647,1.1720045,Various Artists,Confusing
16648,2.2545714,Park Hyo Shin,It`s You
16648,2.1517596,Flower,Even though I know love...
16648,1.9480636,JAMBINAI,Connection
16648,1.8875732,N (VIXX)| YEOEUN (MelodyDay),Without You
16648,1.8293546,4MINUTE,Femme Fatale
16648,1.828625,Jina U,First Love
16648,1.7802441,Kim Jang Hoon,The Mother Knows My Heart?
16648,1.7793765,Reply 1994 (Original Soundtrack),Farewell for Myself
16648,1.75153,4Men,Once While Living
16648,1.7185394,SUPER JUNIOR,SUPERMAN_Rearranged
16649,1.1698905,BANGTAN BOYS,Intro: Never Mind
16649,1.1479342,Secret,Poison
16649,1.1475527,Thunder,Good
16649,1.1199678,BoA,Home
16649,1.1153923,Urban Zakapa,Rainbow Ride (Prelude)
16649,1.1087961,참깨와 솜사탕,키스미
16649,1.1024253,Ahn Hyeon Jeong,You and Me
16649,1.0922785,Apink,I don't Know
16649,1.0862055,SMTOWN,Last Christmas (SHINee)
16649,1.0861899,AKDONG MUSICIAN (AKMU),다리꼬지마
16650,1.2922094,INFINITE,Fixed Star
16650,1.2683761,Reply 1994 (Original Soundtrack),Farewell for Myself
16650,1.2656306,Park Hyo Shin,It`s You
16650,1.2505636,AKDONG MUSICIAN (AKMU),다리꼬지마
16650,1.2154102,Sleepy,기분탓 (feat.백아연)
16650,1.1961577,Ailee,bye now(이제는 안녕)
16650,1.1808497,Red Velvet,Huff n Puff
16650,1.1752808,BrotherFriendBrother,Soboru bread (소보루빵)
16650,1.1596165,Shin Yong Jae,평범한 사랑
16650,1.1459408,Discovery Of Romance,Goodbye – star love fish with Jane
16651,1.6551689,SUPER JUNIOR,SUPERMAN_Rearranged
16651,1.5579733,Park Hyo Shin,It`s You
16651,1.5184163,The Quiett,진흙 속에서 피는 꽃 Flower from the Mud (feat. Kebee & MC Meta)
16651,1.5171392,Flower,Even though I know love...
16651,1.47817,SMTOWN,Last Christmas (SHINee)
16651,1.4292833,Beta89,Youth (청춘아)
16651,1.4133257,Lee Ji Su 이지수,it's you 너야
16651,1.393439,Cocosori,Dark Circle
16651,1.37323,DICKPUNKS,Let's Play in the Han River
16651,1.3630829,INFINITE,Fixed Star
16652,1.4609665,f(x),MILK
16652,1.2584326,Rainbow Kids(레인보우 Kids),musician in a forest(숲속의 음악가)
16652,1.2450662,U Sung Eun| Rooftop House Studio,500 Days of summer
16652,1.2270688,Master's Sun OST,Mi Chi Ge Man Deul eo
16652,1.2231165,FTISLAND,새들처럼
16652,1.2022281,AKDONG MUSICIAN (AKMU),외국인의 고백
16652,1.1972381,Humming Urban Stereo,Space Loves Disco
16652,1.1914241,Baek Z Young,Love and Love
16652,1.1806145,Broccoli you too,No More Encore
16652,1.1579366,Jay Park,I Got This
16653,1.6757697,Thunder,Good
16653,1.6089551,Park Hyo Shin,It`s You
16653,1.3921201,SHINee,Your Number
16653,1.3784311,Lee Ji Su 이지수,it's you 너야
16653,1.3072275,Reply 1994 (Original Soundtrack),Farewell for Myself
16653,1.3027083,Flower,Even though I know love...
16653,1.2279315,SMTOWN,Last Christmas (SHINee)
16653,1.2275095,INFINITE,Fixed Star
16653,1.2215767,N (VIXX)| YEOEUN (MelodyDay),Without You
16653,1.2213964,The Quiett,진흙 속에서 피는 꽃 Flower from the Mud (feat. Kebee & MC Meta)
16654,1.9538764,SUPER JUNIOR,SUPERMAN_Rearranged
16654,1.9180166,The Quiett,진흙 속에서 피는 꽃 Flower from the Mud (feat. Kebee & MC Meta)
16654,1.7603161,Spring Breeze Boy 봄바람 소년,only one only one
16654,1.7369494,Park Hyo Shin,It`s You
16654,1.6806437,Kim Greem,It might be you
16654,1.640797,4Men,Once While Living
16654,1.5289832,BANGTAN BOYS,Autumn Leaves
16654,1.452765,SMTOWN,Last Christmas (SHINee)
16654,1.4513646,NS Yoon-G,What Do You Know
16654,1.4447546,Jihun 지훈,thinking of you 너만 생각나
16655,2.337056,SHINee,3 2 1
16655,2.3077164,BEAST,I'm Sorry
16655,2.2907262,SHINee,WOWOWOW
16655,2.234058,SHINee,One
16655,2.23085,Kim Greem,It might be you
16655,2.183005,Apink,Secret Garden
16655,2.1689808,Marriage over Love OST,Love Knots
16655,2.1496282,Jannabi,Goodnight
16655,2.1362815,BTOB-BLUE,Stand By Me
16655,2.0682516,Hyungdon & Daejune,안좋을때 들으면 더 안좋은 노래
16656,1.8894529,Park Hyo Shin,It`s You
16656,1.6802344,SUPER JUNIOR,SUPERMAN_Rearranged
16656,1.6634818,Flower,Even though I know love...
16656,1.5677376,Master's Sun OST,Mystery
16656,1.4441953,SMTOWN,Last Christmas (SHINee)
16656,1.42757,4Men,Once While Living
16656,1.4106641,The Quiett,진흙 속에서 피는 꽃 Flower from the Mud (feat. Kebee & MC Meta)
16656,1.3952535,BANGTAN BOYS,Autumn Leaves
16656,1.3245872,DICKPUNKS,We Young!
16656,1.317093,Reply 1994 (Original Soundtrack),Farewell for Myself
16657,2.135078,Park Hyo Shin,It`s You
16657,2.107757,Kim Greem,It might be you
16657,1.9316087,Flower,Even though I know love...
16657,1.7052392,N (VIXX)| YEOEUN (MelodyDay),Without You
16657,1.6845224,Kim Jang Hoon,The Mother Knows My Heart?
16657,1.6331589,4Men,Once While Living
16657,1.6308708,BrotherFriendBrother,Soboru bread (소보루빵)
16657,1.5948824,4MINUTE,Femme Fatale
16657,1.5782094,The Stray,Tonight
16657,1.5676966,JAMBINAI,Connection
16658,1.7209314,Park Hyo Shin,It`s You
16658,1.6215589,Flower,Even though I know love...
16658,1.4153473,Yu Jun Sang,Love & Hate
16658,1.3388491,Reply 1994 (Original Soundtrack),Farewell for Myself
16658,1.3155197,BANGTAN BOYS,Intro: Never Mind
16658,1.3144622,SMTOWN,Last Christmas (SHINee)
16658,1.3133593,Ailee,bye now(이제는 안녕)
16658,1.2788278,Kim Jang Hoon,The Mother Knows My Heart?
16658,1.2738581,BANGTAN BOYS,Autumn Leaves
16658,1.2569374,N (VIXX)| YEOEUN (MelodyDay),Without You
16659,2.1811936,Park Hyo Shin,It`s You
16659,2.089892,Flower,Even though I know love...
16659,1.6799905,Reply 1994 (Original Soundtrack),Farewell for Myself
16659,1.673675,4MINUTE,Femme Fatale
16659,1.6243118,N (VIXX)| YEOEUN (MelodyDay),Without You
16659,1.6206716,Jihun 지훈,thinking of you 너만 생각나
16659,1.5068824,Jina U,First Love
16659,1.5000668,Master's Sun OST,Mystery
16659,1.4886298,Kim Jang Hoon,The Mother Knows My Heart?
16659,1.4693918,VIXX,Love Me Do
16660,2.6537647,Apink,Secret Garden
16660,2.530443,Kim Greem,It might be you
16660,2.3787644,f(x),All Mine
16660,2.3760066,SHINee,3 2 1
16660,2.3430026,BEAST,I'm Sorry
16660,2.3296776,SHINee,WOWOWOW
16660,2.322253,Jannabi,Goodnight
16660,2.2811518,Park Hyo Shin,It`s You
16660,2.2730088,SHINee,One
16660,2.2662268,BTOB-BLUE,Stand By Me
16661,1.2553213,RAIN (정지훈),30 SEXY (East4a deeptech mix)
16661,1.1951039,Reply 1988 (Original Soundtrack),Broken Heart
16661,1.1885049,SISTAR,니까짓게
16661,1.1748872,CRAYON POP,1| 2| 3| 4
16661,1.1710656,ZINOV,여기봐요
16661,1.1383139,Tako & Jhyung,what should i do (with jihyeon) 어떡하죠 (with 지현)
16661,1.1340501,JACE,Radio Star
16661,1.1339304,f(x),Beautiful Goodbye
16661,1.132057,K.Will,Bon voyage feat.Beenzino
16661,1.1215754,UP10TION,Just Like That
16662,2.3476985,Park Hyo Shin,It`s You
16662,2.2145154,Flower,Even though I know love...
16662,2.1123066,Kim Greem,It might be you
16662,2.0338395,SUPER JUNIOR,SUPERMAN_Rearranged
16662,1.9155531,Master's Sun OST,Mystery
16662,1.8894776,Jannabi,Goodnight
16662,1.8750536,Reply 1994 (Original Soundtrack),Farewell for Myself
16662,1.8703399,INFINITE,Follow Me
16662,1.850622,Spring Breeze Boy 봄바람 소년,only one only one
16662,1.8406448,4MINUTE,Femme Fatale
16663,1.2417945,Urban Zakapa,Rainbow Ride (Prelude)
16663,1.2077475,K.Will,눈물이 뚝뚝 (Dropping the Tears)
16663,1.1927735,Shayne,Be My Love
16663,1.1895306,Teen Top,Date
16663,1.1736852,블루베어스|택연 (2PM),오늘 같은 밤
16663,1.1536882,Yoon Do Hyun,I Guess I Loved You
16663,1.1495962,Ants,Pretty
16663,1.1423994,Various Artists,한 사람만 보여요
16663,1.1318419,Huh Gak,죽고 싶단 말 밖에
16663,1.127023,Urban Zakapa,Inevitability (Reprise)
16664,1.5091532,Ailee,bye now(이제는 안녕)
16664,1.4775497,G.NA,Hate You
16664,1.4722201,PARK Sujin & Electro boys 박수진 & 일렉트로보이즈,shaking 떨려요
16664,1.4702857,BANGTAN BOYS,Intro: Never Mind
16664,1.4384826,BANGTAN BOYS,Autumn Leaves
16664,1.428046,SMTOWN,Last Christmas (SHINee)
16664,1.4233481,Yeoeun,My Love
16664,1.418716,Various Artists,Mirror Mirror
16664,1.4090366,SHINee,Runaway
16664,1.3832626,Sungha Jung,Waiting
16665,1.6196713,PARK Sujin & Electro boys 박수진 & 일렉트로보이즈,shaking 떨려요
16665,1.5070425,G.NA,Hate You
16665,1.4887842,Park Hyo Shin,It`s You
16665,1.4560411,SHINee,Runaway
16665,1.4428048,Various Artists,Mirror Mirror
16665,1.4058516,Flower,Even though I know love...
16665,1.3996329,Various Artists,한 사람을 위한 마음
16665,1.3562204,Kim Greem,It might be you
16665,1.3396475,GARY,둥둥 (feat.Skull| Deepflow)
16665,1.3210604,Various Artists,Der Rosenkavalier
16666,1.3669735,Lim Chang Jung,그렇게 당해놓고 (feat.마부스 OF 일렉트로보이즈) (inst)
16666,1.3124133,G.NA,Hate You
16666,1.2941169,PARK Sujin & Electro boys 박수진 & 일렉트로보이즈,shaking 떨려요
16666,1.270759,SHINee,An Ode To You
16666,1.2706825,Various Artists,You and Me
16666,1.2701436,Jay Park,Forever (with DJ Ale Mora) [feat. Cha Cha Malone]
16666,1.2669305,Swings,a real lady
16666,1.2590528,B1A4,짝사랑(산들 SOLO)
16666,1.2536916,BANGTAN BOYS,Attack On Bangtan
16666,1.245767,NO.MERCY,0 (YOUNG)
16667,1.8529407,SUPER JUNIOR,SUPERMAN_Rearranged
16667,1.7623028,Park Hyo Shin,It`s You
16667,1.6978788,Master's Sun OST,Mystery
16667,1.6520418,Flower,Even though I know love...
16667,1.6157112,Spring Breeze Boy 봄바람 소년,only one only one
16667,1.603016,The Quiett,진흙 속에서 피는 꽃 Flower from the Mud (feat. Kebee & MC Meta)
16667,1.5649037,SHINee,Your Number
16667,1.5289049,INFINITE,Fixed Star
16667,1.4925433,DICKPUNKS,We Young!
16667,1.4569004,Thunder,Good
16668,1.3229616,Urban Zakapa,Rainbow Ride (Prelude)
16668,1.1978649,Ailee,Live or Die
16668,1.1817111,AKDONG MUSICIAN (AKMU),다리꼬지마
16668,1.1796329,Ants,Pretty
16668,1.1600683,Master's Sun OST,Last One Feat. Joosu
16668,1.1591015,SUPER JUNIOR,Let’s Dance
16668,1.1521024,Allegrow,우리가 스쳐온 서울 밤하늘엔 (Inst.)
16668,1.1459874,MONSTA X,HERO
16668,1.1392578,SISTAR,Say I Love You
16668,1.139163,Apink,Attracted To U
16669,1.5991974,릴보이| 베이식,돈돈돈
16669,1.4916061,Apink,하늘 높이 (Feat. Joker)
16669,1.4771992,Ants,Pretty
16669,1.4627275,BTOB,Second Confession
16669,1.4019761,AZIATIX,Lights
16669,1.3996446,Gummy,너를 사랑해 (Piano By Eco Bridge)
16669,1.3965063,Urban Zakapa,Rainbow Ride (Prelude)
16669,1.3689113,J'kyun,Bad X
16669,1.3597015,UP10TION,나한테만 집중해 (Attention)
16669,1.3570126,B1A4,짝사랑(산들 SOLO)
16670,1.4521989,Ants,Pretty
16670,1.3425843,The Quiett,진흙 속에서 피는 꽃 Flower from the Mud (feat. Kebee & MC Meta)
16670,1.3397523,JooYoung,들리나요
16670,1.3167863,SISTAR,Sunshine
16670,1.3076017,G.NA,Hate You
16670,1.2834622,MBLAQ,Y
16670,1.1714462,Apink,BUBIBU (Original Ver.)
16670,1.1661646,SUPER JUNIOR,SUPERMAN_Rearranged
16670,1.1636806,UP10TION,Just Like That
16670,1.16299,BTOB,Second Confession
16671,1.249432,The Quiett,진흙 속에서 피는 꽃 Flower from the Mud (feat. Kebee & MC Meta)
16671,1.167753,Lee Hong Gi (FTISLAND),뜨거운 안녕
16671,1.1660695,Clazziquai Project,Android
16671,1.1633515,Han Hee Jung,러브레터
16671,1.1591588,참깨와 솜사탕,키스미
16671,1.155597,NU'EST,나의 천국
16671,1.1513693,김남주 (에이핑크)| 육성재 (비투비),사진
16671,1.1473613,Urban Zakapa,Rainbow Ride (Prelude)
16671,1.1390854,Ants,Pretty
16671,1.1343169,Hello Ga-Young,Estranged
16672,1.5314549,Kim Greem,It might be you
16672,1.5217303,The Quiett,진흙 속에서 피는 꽃 Flower from the Mud (feat. Kebee & MC Meta)
16672,1.3915974,Hyungdon & Daejune,안좋을때 들으면 더 안좋은 노래
16672,1.3784047,4Men,Once While Living
16672,1.3233749,EXO,MY ANSWER
16672,1.3072491,Cocosori,Dark Circle
16672,1.304215,SMTOWN,Last Christmas (SHINee)
16672,1.3021519,요조 With 소규모 아카시아 밴드,바나나파티
16672,1.3002253,Beta89,Youth (청춘아)
16672,1.2981554,AlphaBAT,Oh My Gosh!
16673,1.2489476,The Quiett,진흙 속에서 피는 꽃 Flower from the Mud (feat. Kebee & MC Meta)
16673,1.1658982,SHINee,Evil
16673,1.1420445,Secret,Poison
16673,1.1410964,BANGTAN BOYS,Intro: Never Mind
16673,1.1276584,Urban Zakapa,Rainbow Ride (Prelude)
16673,1.1256182,Ahn Hyeon Jeong,You and Me
16673,1.1184797,Apink,I don't Know
16673,1.1175693,Ailee,bye now(이제는 안녕)
16673,1.1077161,SHINee,So Amazing
16673,1.1046754,PARK Sujin & Electro boys 박수진 & 일렉트로보이즈,shaking 떨려요
16674,2.0350292,Lee Ji Su 이지수,it's you 너야
16674,1.7342025,Park Hyo Shin,It`s You
16674,1.5154461,Flower,Even though I know love...
16674,1.4416318,DICKPUNKS,Don't Wanna Lose Now
16674,1.4198372,The Film,She
16674,1.3339765,Reply 1994 (Original Soundtrack),Farewell for Myself
16674,1.325556,Modern Darakbang,All I Want Is 바라만봐도
16674,1.32269,BEAST,Fiction
16674,1.319417,Apink,Secret Garden
16674,1.2987165,4MINUTE,Femme Fatale
16675,1.6802096,BEAST,I'm Sorry
16675,1.6436222,SHINee,3 2 1
16675,1.6274234,Marriage over Love OST,Love Knots
16675,1.571999,SHINee,WOWOWOW
16675,1.5625066,SHINee,One
16675,1.5231806,BEAST,Fiction
16675,1.5227093,Apink,Secret Garden
16675,1.4639722,K.Will,눈물이 뚝뚝 (Dropping the Tears)
16675,1.4277563,Jannabi,Goodnight
16675,1.410106,Various Artists,Why do you see me?
16676,1.2285876,Various Artists,한 사람을 위한 마음
16676,1.2086864,DICKPUNKS,You Don't Hear Me
16676,1.1896131,Ahn Hyeon Jeong,You and Me
16676,1.1895461,NU'EST,나의 천국
16676,1.1476847,MBLAQ,Y
16676,1.1388314,Various Artists,Hide And Seek
16676,1.1267095,B1A4,몇 번을
16676,1.1235664,Jay Park,Evolution (feat. Gray)
16676,1.1171706,The Lime,Because I Miss You
16676,1.1162676,JUNG JOON YOUNG BAND,Lizard
16677,1.8524386,Marriage over Love OST,Love Knots
16677,1.7943919,Thunder,Good
16677,1.7780843,SHINee,3 2 1
16677,1.756162,BEAST,I'm Sorry
16677,1.663956,f(x),All Mine
16677,1.6623776,Jannabi,Goodnight
16677,1.657036,Apink,Secret Garden
16677,1.6475556,Park Hyo Shin,It`s You
16677,1.6455299,SHINee,One
16677,1.6372983,BEAST,Fiction
16678,2.2300587,The Quiett,진흙 속에서 피는 꽃 Flower from the Mud (feat. Kebee & MC Meta)
16678,2.0025294,SUPER JUNIOR,SUPERMAN_Rearranged
16678,1.8089131,NS Yoon-G,What Do You Know
16678,1.6928107,4Men,Once While Living
16678,1.6268499,Clazziquai Project,Madly
16678,1.5719739,G.NA,Hate You
16678,1.4624007,Various Artists,I Like You
16678,1.4442959,Second Moon,As This Time
16678,1.4238657,B1A4,둘만 있으면(BARO SOLO)(feat.민 of miss A)
16678,1.4046206,Kim Bo Kyung,Don't Think You're Alone
16679,1.26792,BANGTAN BOYS,Intro: Never Mind
16679,1.2596468,The Quiett,진흙 속에서 피는 꽃 Flower from the Mud (feat. Kebee & MC Meta)
16679,1.2510705,CRAYON POP,1| 2| 3| 4
16679,1.2098945,SHINee,Evil
16679,1.2068729,BoA,Home
16679,1.1842024,김남주 (에이핑크)| 육성재 (비투비),사진
16679,1.1816958,BIGBANG TAEYANG,Prayer (feat. Teddy)
16679,1.1708927,The Nucleus,The Shoulder
16679,1.1680143,LYn,이별주
16679,1.1623464,VIXX,Can’t say
16680,1.308675,Hong Dae Kwang,Aren't You
16680,1.2640896,CRAYON POP,1| 2| 3| 4
16680,1.2506514,BANGTAN BOYS,Autumn Leaves
16680,1.2370725,SHINee,Evil
16680,1.2301608,BTOB,By Your Side
16680,1.2239999,The Quiett,진흙 속에서 피는 꽃 Flower from the Mud (feat. Kebee & MC Meta)
16680,1.2063167,BANGTAN BOYS,Intro: Never Mind
16680,1.2029903,APRIL,Snowman
16680,1.1948054,김남주 (에이핑크)| 육성재 (비투비),사진
16680,1.1925323,The Nucleus,The Shoulder
16681,1.2402272,Ahn Hyeon Jeong,You and Me
16681,1.237735,The Quiett,진흙 속에서 피는 꽃 Flower from the Mud (feat. Kebee & MC Meta)
16681,1.2134042,Reply 1988 (Original Soundtrack),Butter Flying
16681,1.2029886,NU'EST,나의 천국
16681,1.202079,Han Hee Jung,러브레터
16681,1.1983712,황치열| leeSA(리싸),이 밤의 끝을 잡고 (LG유플러스 tv G 우퍼 광고 삽입곡)
16681,1.1954607,IU,느리게 하는 일
16681,1.19259,Master's Sun OST,Last One Feat. Joosu
16681,1.1858838,BIGBANG TAEYANG,Prayer (feat. Teddy)
16681,1.1852909,SHINee,Evil
16682,1.312622,Ahn Hyeon Jeong,You and Me
16682,1.2829881,NU'EST,나의 천국
16682,1.2284355,B1A4,몇 번을
16682,1.1921479,Suzy Bae,Ring My Bell
16682,1.1887963,Master's Sun OST,Lake Wave
16682,1.1826508,Various Artists,한 사람을 위한 마음
16682,1.1615459,Various Artists,The K2 main theme
16682,1.161401,NO.MERCY,Interstellar
16682,1.1470273,MBLAQ,Y
16682,1.1322968,MBLAQ,You
16683,2.0576916,Park Hyo Shin,It`s You
16683,1.9268312,Flower,Even though I know love...
16683,1.737315,Lee Ji Su 이지수,it's you 너야
16683,1.7160892,Master's Sun OST,Mystery
16683,1.6451588,Reply 1994 (Original Soundtrack),Farewell for Myself
16683,1.6131966,4MINUTE,Femme Fatale
16683,1.6118194,The Film,She
16683,1.6095613,Kim Greem,It might be you
16683,1.5274757,SUPER JUNIOR,SUPERMAN_Rearranged
16683,1.4910592,Thunder,Good
16684,1.251167,The Quiett,진흙 속에서 피는 꽃 Flower from the Mud (feat. Kebee & MC Meta)
16684,1.2122794,SHINee,Evil
16684,1.1927774,김남주 (에이핑크)| 육성재 (비투비),사진
16684,1.1857948,Ahn Hyeon Jeong,You and Me
16684,1.184434,Han Hee Jung,러브레터
16684,1.1784819,BIGBANG TAEYANG,Prayer (feat. Teddy)
16684,1.1696227,The Nucleus,The Shoulder
16684,1.1638157,Urban Zakapa,Rainbow Ride (Prelude)
16684,1.157252,Lee Hong Gi (FTISLAND),뜨거운 안녕
16684,1.152866,참깨와 솜사탕,키스미
16685,1.9805332,SUPER JUNIOR,SUPERMAN_Rearranged
16685,1.8191092,Park Hyo Shin,It`s You
16685,1.6648389,The Quiett,진흙 속에서 피는 꽃 Flower from the Mud (feat. Kebee & MC Meta)
16685,1.643303,SMTOWN,Last Christmas (SHINee)
16685,1.6048123,Cocosori,Dark Circle
16685,1.5794911,Beta89,Youth (청춘아)
16685,1.5578564,BANGTAN BOYS,Intro: Never Mind
16685,1.5567454,Lucia,melt me down 녹여줘
16685,1.5142528,BANGTAN BOYS,Autumn Leaves
16685,1.5005522,NS Yoon-G,What Do You Know
16686,2.0284953,SUPER JUNIOR,SUPERMAN_Rearranged
16686,1.8082874,The Quiett,진흙 속에서 피는 꽃 Flower from the Mud (feat. Kebee & MC Meta)
16686,1.6808082,4Men,Once While Living
16686,1.6351696,Lucia,melt me down 녹여줘
16686,1.6197784,Beta89,Youth (청춘아)
16686,1.6044436,Cocosori,Dark Circle
16686,1.593215,Park Hyo Shin,It`s You
16686,1.4843826,Vasco,Whoa Ha !
16686,1.4669973,Ahn Hye Eun(안혜은),do not look for her(그녀를 찾지마)
16686,1.4514432,Lucani,Shooting Star
16687,1.2425185,Reply 1994 (Original Soundtrack),Farewell for Myself
16687,1.208572,Various Artists,just friend just friend
16687,1.2003762,Song Ji Eun,예쁜 나이 25살
16687,1.1962672,TAEMIN,One By One
16687,1.192972,Secret,Madonna
16687,1.1683991,Apink,하늘 높이 (Feat. Joker)
16687,1.1661261,Niel,심쿵?(feat.주니엘)
16687,1.1571636,Min Yeon Jae feat. 4Men,Airplane Girl
16687,1.1516347,Various Artists,You and Me
16687,1.1378648,Broccoli you too,No More Encore
16688,1.2368908,4MINUTE,What's Your Name?
16688,1.2241542,Shayne,Be My Love
16688,1.2239119,Reply 1994 (Original Soundtrack),Happy Me
16688,1.196417,DEAN,Bonnie & Clyde
16688,1.1960709,f(x),Stand Up!
16688,1.1898531,B.A.P,0 (Zero)
16688,1.1888262,B.A.P,FERMATA
16688,1.1737342,Niel,아포가토 (feat.C.A.P)
16688,1.1700538,HENRY (Super Junior-M),1-4-3 (I Love You)
16688,1.1604922,CROSS GENE,La-Di Da-Di
16689,1.4269893,AKDONG MUSICIAN (AKMU),다리꼬지마
16689,1.2078533,Secret,Poison
16689,1.1793461,BANGTAN BOYS,Intro: Never Mind
16689,1.1466656,SHINee,Evil
16689,1.1387968,B1A4,몇 번을
16689,1.1286614,Various Artists,한 사람을 위한 마음
16689,1.1000788,Bo Kyung & Shayne,Summer Love (Duet Ver.)
16689,1.0956933,Various Artists,Summer's Afternoon
16689,1.0841088,Urban Zakapa,Rainbow Ride (Prelude)
16689,1.0833633,Kim Hyunwoo,Love Blowing
16690,1.2697408,The Quiett,진흙 속에서 피는 꽃 Flower from the Mud (feat. Kebee & MC Meta)
16690,1.2278492,황치열| leeSA(리싸),이 밤의 끝을 잡고 (LG유플러스 tv G 우퍼 광고 삽입곡)
16690,1.2145452,Ailee,bye now(이제는 안녕)
16690,1.1753007,김남주 (에이핑크)| 육성재 (비투비),사진
16690,1.1678357,Lim Chang Jung,그렇게 당해놓고 (feat.마부스 OF 일렉트로보이즈) (inst)
16690,1.1614263,BIGBANG TAEYANG,Prayer (feat. Teddy)
16690,1.155768,BANGTAN BOYS,Intro: Never Mind
16690,1.1521622,SHINee,Your Number
16690,1.1470542,Ants,Pretty
16690,1.1451793,CRAYON POP,1| 2| 3| 4
16691,1.3245448,Baek Z Young,Love and Love
16691,1.2000123,Lee Ji Su 이지수,it's you 너야
16691,1.1619742,Various Artists,The Chorus Of Knights (Opening Title)
16691,1.1348033,Han Hee Jung,입맞춤| 입술의 춤
16691,1.1217049,Kim Hyunwoo,Love Blowing
16691,1.1156683,DICKPUNKS,We Young!
16691,1.096993,INFINITE,Fixed Star
16691,1.0957619,AKDONG MUSICIAN (AKMU),How People Move
16691,1.0946971,JONGHYUN,Fine
16691,1.0940607,BTOB,Anymore
16692,1.2639883,SHINee,Your Number
16692,1.2406467,Thunder,Good
16692,1.2098904,황치열| leeSA(리싸),이 밤의 끝을 잡고 (LG유플러스 tv G 우퍼 광고 삽입곡)
16692,1.1949612,BANGTAN BOYS,Intro: Never Mind
16692,1.19207,The Quiett,진흙 속에서 피는 꽃 Flower from the Mud (feat. Kebee & MC Meta)
16692,1.1805865,Urban Zakapa,Rainbow Ride (Prelude)
16692,1.1639959,Master's Sun OST,Mystery
16692,1.1632245,DICKPUNKS,We Young!
16692,1.1534775,Ailee,Live or Die
16692,1.1497965,Apink,I don't Know
16693,2.2186968,Lee Ji Su 이지수,it's you 너야
16693,2.1275842,Park Hyo Shin,It`s You
16693,1.7369696,Reply 1994 (Original Soundtrack),Farewell for Myself
16693,1.7117454,Flower,Even though I know love...
16693,1.6011571,DICKPUNKS,We Young!
16693,1.5424254,DICKPUNKS,Let's Play in the Han River
16693,1.5313985,BrotherFriendBrother,Soboru bread (소보루빵)
16693,1.4667121,The Stray,Tonight
16693,1.4624515,Hyungdon & Daejune,안좋을때 들으면 더 안좋은 노래
16693,1.4375622,Yoon Do Hyun,How I Look These Days
16694,1.2305305,Master's Sun OST,Lake Wave
16694,1.196187,Apink,Wanna Be
16694,1.1902373,NO.MERCY,Interstellar
16694,1.179415,BIGBANG TAEYANG,Prayer (feat. Teddy)
16694,1.1724784,JONGHYUN,Fine
16694,1.166209,TIM,River Flows in You
16694,1.1649547,Baek Z Young,Love and Love
16694,1.1447769,4MINUTE,AN JUL RAE
16694,1.1414282,C Jamm,pr0ve
16694,1.139578,B1A4,몇 번을
16695,1.3814095,BANGTAN BOYS,Intro: Never Mind
16695,1.3750463,BANGTAN BOYS,Autumn Leaves
16695,1.3704573,PARK Sujin & Electro boys 박수진 & 일렉트로보이즈,shaking 떨려요
16695,1.3591992,Master's Sun OST,Mystery
16695,1.3279575,LYn,이별주
16695,1.3073131,BTOB,By Your Side
16695,1.2940788,B.HEART,Don't Need Anything
16695,1.2936424,The Quiett,진흙 속에서 피는 꽃 Flower from the Mud (feat. Kebee & MC Meta)
16695,1.2933786,CRAYON POP,1| 2| 3| 4
16695,1.2903937,RYEOWOOK,Hello
16696,1.3199971,Shayne,Be My Love
16696,1.2781879,Apink,Wanna Be
16696,1.2668971,Clazziquai Project,Android
16696,1.2569859,Han Hee Jung,러브레터
16696,1.2506838,Sung Si Kyung,Winter Wonderland
16696,1.2100837,NU'EST,나의 천국
16696,1.2098362,HENRY (Super Junior-M),My Everything
16696,1.1968699,Various Artists,Einfühlung
16696,1.1852942,Ahn Hyeon Jeong,You and Me
16696,1.1822795,MBLAQ,Y
16697,1.5305185,K.Will,눈물이 뚝뚝 (Dropping the Tears)
16697,1.4739764,Marriage over Love OST,Love Knots
16697,1.405009,Park Hyo Shin,It`s You
16697,1.3798765,Jannabi,Goodnight
16697,1.3238324,INFINITE,Follow Me
16697,1.2906808,Electroboyz,love (feat. seung hui from brave new girl group)(love (feat. 승희 from brave new girl group))
16697,1.2702322,BEAST,I'm Sorry
16697,1.2292695,Fromm,COME TO THE BACK SIDE OF THE MOON
16697,1.1962886,Various Artists,The time we were in love (inst)
16697,1.1844261,VAV,Under The Moonlight (달빛 아래서)
16698,1.4539344,Apink,Attracted To U
16698,1.4409964,Shin Yong Jae,평범한 사랑
16698,1.4139729,SUPER JUNIOR,Oops!! (Feat. f(x))
16698,1.3854388,Master's Sun OST,Last One Feat. Joosu
16698,1.3499291,LOCO,높아 2 (feat.C Jamm & 박재범)
16698,1.3367039,Cho Kwon (2AM)/Niel (TEENTOP)/ZO (MBLAQ)/Yang Yo Seob (BEAST)/Woo Hyon (INFINITE),Too Beautiful to Cry
16698,1.3215117,NO.MERCY,0 (YOUNG)
16698,1.3000839,Master's Sun OST,Enjoy Party
16698,1.2976755,SANDEUL,Stay as you are
16698,1.2963579,SolBi,Empty...
